"Document Title",Authors,"Author Affiliations","Publication Title",Date Added To Xplore,"Publication Year","Volume","Issue","Start Page","End Page","Abstract","ISSN",ISBNs,"DOI",Funding Information,PDF Link,"Author Keywords","IEEE Terms","Mesh_Terms",Article Citation Count,Patent Citation Count,"Reference Count","License",Online Date,Issue Date,"Meeting Date","Publisher",Document Identifier
"Wind power generation variations and aggregations","C. Wu; X. -P. Zhang; M. Sterling","Department of Energy Strategy and Planning, University of Birmingham, Birmingham, UK; Department of Energy Strategy and Planning, University of Birmingham, Birmingham, UK; Department of Energy Strategy and Planning, University of Birmingham, Birmingham, UK",CSEE Journal of Power and Energy Systems,"24 Jan 2022","2022","8","1","17","38","Climate and weather-propelled wind power is characterized by significant spatial and temporal variability. It has been substantiated that the variability of wind power, in addition to contributing hugely to the instability of power grids, can also send the balancing costs of electricity markets soaring. Existing studies on the same establish that curtailment of such variability can be achieved through the geographic aggregation of various widespread production sites; however, there exists a dearth of comprehensive evaluation concerning different levels/scales of such aggregation, especially from a global perspective. This paper primarily offers a fundamental understanding of the relationship between the wind power variations and aggregations from a systematic viewpoint based on extensive wind power data, thereby enabling the benefits of these aggregations to be quantified from a state scale ranging up to a global scale. Firstly, a meticulous analysis of the wind power variations is undertaken at 6 different levels by converting the 7-year hourly meteorological re-analysis data with a high spatial resolution of 0.25° χ 0.25° (approximate 28 km χ 28 km) into a wind power series globally. Subsequently, the proposed assessment framework employs a coefficient of variation of wind power as well as a standard deviation of wind power ramping rate to quantify the variations of wind power and wind power ramping rate to exhibit the characteristics and benefits yielded by the wind power aggregation at 6 different levels. A system planning example is adopted to illustrate the correlation between the coefficient of variation reduction of wind power and investment reduction, thereby emphasizing the benefits pertaining to significant investment reduction via aggregation. Furthermore, a wind power duration curve is used to exemplify the availability of wind power aggregated at different levels. Finally, the results provide insights into devising a universal approach towards the deployment of wind power, principally along the lines of Net-Zero.","3066-9308","","10.17775/CSEEJPES.2021.03070","","https://ieeexplore.ieee.org/stamp/stamp.jsp?arnumber=9606956","Energy quality;meteorological re-analysis data;wind power aggregation;wind power ramping rate;wind power variation;wind power variability","Wind power generation;Europe;Wind;Meteorology;Spatial resolution;Costs;Wind turbines","","29","","","","9 Nov 2021","Jan. 2022","","CSEE","CSEE Journals"
"Pricing Wind Power Uncertainty in the Electricity Market","L. Ramirez-Burgueno; Y. Sang; Y. Zheng","Department of Electrical and Computer Engineering, The University of Texas at El Paso, El Paso, TX, USA; Department of Electrical and Computer Engineering, The University of Texas at El Paso, El Paso, TX, USA; College of Information and Electrical Engineering, China Agricultural University, Beijing, China",IEEE Access,"19 Jun 2023","2023","11","","58624","58633","The volatile and intermittent nature of renewable energy sources (RES) has a critical impact on electric power grid operations. However, there still lacks a model to price the uncertainty of renewable energy in electricity markets. This paper aims to propose a model to quantify the impact of the uncertainty of RES on the power system operating costs in an electricity market environment considering the use of flexible ramping (FR) products, compensation for wind power curtailment, and the cost for flexible load curtailment, and thus offer a method to price the uncertainty of RES. The model is based on a stochastic optimization model for power system operations considering FR products, and the uncertainty cost is calculated by comparing the dispatch cost as well as the compensation for wind power curtailment and load curtailment with and without uncertainties. The method was implemented on a modified RTS-96 test system with a high penetration of wind energy, and the uncertainty of wind power output was represented using three different distributions, namely, Gamma, Weibull, and Rayleigh. Results show that the uncertainty of wind power increases power system operating costs, and different uncertainty modeling can affect the pricing of wind power uncertainty by up to 5%. This shows that there is a need for system operators to choose the appropriate distribution to model wind power uncertainty when pricing wind power uncertainty.","2169-3536","","10.1109/ACCESS.2023.3282575","UTEP University Research Institute (URI) Award; ","https://ieeexplore.ieee.org/stamp/stamp.jsp?arnumber=10143079","Electricity market;gamma distribution;stochastic optimization;rayleigh distribution;renewable energy sources;uncertainty price;weibull distribution;wind power","Uncertainty;Wind power generation;Costs;Generators;Renewable energy sources;Power systems;Load modeling","","10","","37","CCBY","2 Jun 2023","2023","","IEEE","IEEE Journals"
"Modeling the Impacts of Wind Curtailment on Brazil’s Wind-Power Sector","R. B. S. Veras; F. M. Pimenta; O. R. Saavedra; A. T. Assireu","Institute of Electric Energy, Federal University of Maranhão (UFMA), São Luís, Maranhão, Brazil; Federal University of Santa Catarina (UFSC), Florianópolis, Santa Catarina, Brazil; School of Electrical and Computer Engineering, University of Campinas (UNICAMP), Campinas, São Paulo, Brazil; 4Federal University of Itajubá (UNIFEI), Itajubá, Minas Gerais, Brazil",IEEE Access,"6 Mar 2026","2026","14","","33705","33729","This study models and analyzes the phenomenon of renewable energy curtailment in Brazil across multiple spatial and temporal scales. Four years of historical data on wind generation are examined. A Random Forest approach is employed to estimate curtailed energy and revenue loss functions for generation agents in each region. These metrics allow us to quantify both the temporal evolution of curtailment and its economic impact on the electricity sector, which, according to our results, surpassed USD 832.83 million by the end of 2025. Furthermore, using a financial model of an equivalent wind power constructed to represent the average technical and economic characteristics of utility scale onshore wind projects, we assess the ex post economic effects of renewable energy curtailment. The results indicate that the Brazilian wind sector has an estimated financial tolerability threshold of around 15% percent curtailment, a level that is likely to be significantly exceeded in 2026.","2169-3536","","10.1109/ACCESS.2026.3668161","National Institute of Science and Technology in Oceanic and Fluvial Energies (INEOF); Coordenação de Aperfeiçoamento de Pessoal de Nível Superior(grant numbers:001); National Council for Scientific and Technological Development (CNPq); Foundation for the Support of Research and Scientific and Technological Development of Maranhão (FAPEMA); São Paulo Research Foundation (FAPESP)(grant numbers:2024/21083-6); ","https://ieeexplore.ieee.org/stamp/stamp.jsp?arnumber=11411679","Energy curtailment;duck curve;random-forest;solar power;wind power","Renewable energy sources;Electricity;Wind power generation;Wind farms;Levelized cost of energy;Hydroelectric power generation;Power system stability;Wind energy generation;Wind energy;Planning","","1","","44","CCBY","25 Feb 2026","2026","","IEEE","IEEE Journals"
"An Adjustable Robust Economic Energy and Reserve Dispatch Problem Incorporating Large-Scale Wind Farms","H. Khorramdel; M. Gitizadeh; C. Y. Chung; M. M. Othman; H. H. Alhelou","Department of Electronics and Electrical Engineering, Shiraz University of Technology, Shiraz, Iran; Department of Electronics and Electrical Engineering, Shiraz University of Technology, Shiraz, Iran; Department of Electrical Engineering, The Hong Kong Polytechnic University, Hong Kong, China; College of Engineering, Malaysia, School of Electrical Engineering, Universiti Teknologi MARA, Shah Alam, Selangor; Department of Electrical and Computer System Engineering, Monash University, Clayton, VIC, Australia",IEEE Access,"19 Jul 2022","2022","10","","73969","73987","The integration of large-scale wind farms creates significant uncertainty and remarkable technical challenges for power systems due to their intermittency. Comprehensive wind power dependence structure modeling is essential for uncertainty management in the optimal operation of modern power systems with many wind farms. This paper presents an efficient adjustable robust optimization framework by which the complex dependence structure of wind farms can be modeled in energy and reserve dispatch problems. Efficient dependence structure modeling and its incorporation in wind generation and reserve dispatch scheduling can avoid wind curtailment and load shedding incidents. The proposed approach utilizes a canonical vine copula as a flexible and appropriate statistical model to consider both the joint and conditional distributions of any number of wind farms. The results of the suggested canonical vine copula-based dependence structure modeling are then utilized as efficient inputs for the presented adjustable robust economic energy and reserve dispatch problem. The suggested approach is examined on the IEEE 118-bus system, and simulation results demonstrate that the proposed methodology by efficient dependence structure modeling is effective and also show the effect of the wind power correlation level on the total cost.","2169-3536","","10.1109/ACCESS.2022.3190070","","https://ieeexplore.ieee.org/stamp/stamp.jsp?arnumber=9826744","Canonical vine copula;renewable energy sources;robust optimization;wind power uncertainty","Uncertainty;Power system stability;Correlation;Optimization;Load modeling;Costs;Wind farms","","8","","41","CCBY","12 Jul 2022","2022","","IEEE","IEEE Journals"
"Transmission Expansion Planning Considering a High Share of Wind Power to Maximize Available Transfer Capability","A. M. Alshamrani; M. A. El-Meligy; M. A. F. Sharaf; W. A. Mohammed Saif; E. M. Awwad","Statistics and Operations Research Department, College of Science, King Saud University, Riyadh, Saudi Arabia; Advanced Manufacturing Institute, King Saud University, Riyadh, Saudi Arabia; Industrial Engineering Department, College of Engineering, King Saud University, Riyadh, Saudi Arabia; Industrial Engineering Department, College of Engineering, King Saud University, Riyadh, Saudi Arabia; Electrical Engineering Department, College of Engineering, King Saud University, Riyadh, Saudi Arabia",IEEE Access,"13 Mar 2023","2023","11","","23136","23145","To have an effective transmission network and support free trading, the open and non-discriminatory access to transmission services for all market participants under all conditions is of significant concern. To this end, a sufficient value of available transfer capability (ATC) is required, which can significantly affect the electricity market efficiency. This paper constructs a methodology for reinforcing an existing transmission network considering wind power investment to enhance ATC. In this regard, a bi-level structure is adopted whose upper level is the joint transmission expansion planning (TEP) and wind power investment subject to the technical power grid limitations. After solving the upper level, a security-constrained economic dispatch (SC-ED) is formulated to acquire the optimal generation scheduling. Then, the lower level is designed to calculate the ATC. To solve this problem, the SC-ED is first replaced by its primal and dual feasibility constraints and strong duality equality. Then, these constraints are added to the upper level. The lower level is also replaced by its corresponding constraints. Consequently, a bilinear single-level optimization problem is extracted, which is further solved by employing Konno’s cutting plane algorithm. The experimental results on the IEEE 24-bus RTS show the proposed method’s effectiveness. It is indicated that the ATC can be improved by 27.2 % using the formulated model at the expense of more investment cost resulting in less load shedding and less wind curtailment.","2169-3536","","10.1109/ACCESS.2023.3253201","Deputyship for Research and Innovation, Ministry of Education, King Saud University(grant numbers:IFKSURG-2-1322); ","https://ieeexplore.ieee.org/stamp/stamp.jsp?arnumber=10061163","Available transfer capability;bi-level optimization;bilinear programming;Konno’s algorithm;transmission expansion planning;wind power investment","Investment;Planning;Wind power generation;Load modeling;Optimization;Costs;Wind farms","","21","","35","CCBYNCND","6 Mar 2023","2023","","IEEE","IEEE Journals"
"Scenario-Based Optimal Power Flow Evaluation for Wind Power Allocation Capacity in Modern Power Systems","A. A. Shah; S. Wang; G. Liu; R. Ul Hassan; A. Nawaz","School of Electrical and Control Engineering, Xuzhou University of Technology, Xuzhou, China; School of Electrical and Control Engineering, Xuzhou University of Technology, Xuzhou, China; School of Electrical and Control Engineering, Xuzhou University of Technology, Xuzhou, China; Department of Electrical Engineering, NFC-Institute of Engineering and Fertilizer Research, Faisalabad, Pakistan; Department of Electrical Engineering, Faculty of Engineering and Technology, Gomal University, Dera Ismail Khan, Pakistan",IEEE Access,"5 Mar 2025","2025","13","","38443","38453","Integrating wind power into modern energy grids presents significant challenges due to its unpredictable nature. This study introduces a scenario-based optimal power flow model with Wind Farms Optimal Capacity in Grid (SOPF-WOCG) to enhance system flexibility and minimize curtailment. By leveraging the Generalized Dynamic Factor Model (GDFM), we improve wind power and load forecasts, filtering out noise and capturing key dependencies. Our findings demonstrate that this approach leads to better reserve management, fewer constraint violations, and improved system performance. Case studies show tangible benefits, including a 2.9% reduction in operational costs, a 2.7% decrease in ancillary costs, a 5.8% drop in curtailment expenses, and a 2.1% increase in the grid’s capacity to accommodate wind power. These results highlight the effectiveness of the proposed method in optimizing renewable energy integration while ensuring grid stability. Future work will explore real-time applications and integration with advanced forecasting and optimization techniques to further enhance grid reliability and efficiency.","2169-3536","","10.1109/ACCESS.2025.3542360","","https://ieeexplore.ieee.org/stamp/stamp.jsp?arnumber=10887222","Grid accommodation capacity;generalized dynamic factor model;wind farms;scenario-based OPF","Wind farms;Load modeling;Wind power generation;Power system dynamics;Voltage;Power systems;Noise;Mathematical models;Wind energy;Renewable energy sources","","5","","28","CCBY","14 Feb 2025","2025","","IEEE","IEEE Journals"
"Coordinated Planning for Multiple Inner Networks of Offshore Wind Farms and Onshore Transmission Expansion","Y. Liang; S. Lin; X. Lai; M. Liu; B. Zhang","Guangdong Key Laboratory of Clean Energy Technology, School of Electric Power Engineering, South China University of Technology, Guangzhou, China; Guangdong Key Laboratory of Clean Energy Technology, School of Electric Power Engineering, South China University of Technology, Guangzhou, China; Guangdong Key Laboratory of Clean Energy Technology, School of Electric Power Engineering, South China University of Technology, Guangzhou, China; Guangdong Key Laboratory of Clean Energy Technology, School of Electric Power Engineering, South China University of Technology, Guangzhou, China; China Nuclear Power Engineering Co., Ltd., Shenzhen, China",Protection and Control of Modern Power Systems,"7 May 2025","2025","10","3","35","54","A mismatch between the rapid growth of grid-connected offshore wind farms (OWFs) and the delay of onshore transmission expansion (OTE) planning has caused significant wind curtailment in power systems. To alleviate this problem, a coordinated planning (CP) model of multiple inner networks of OWFs (INOWFs) and OTE is established in this paper. In the proposed CP model, the explicit connection topology constraints of a new double-sided ring topology for INOWFs are defined, and the connection topologies and electrical components of both INOWFs and OTE are coordinately optimized. In addition, a parallel random search method is proposed to obtain the set of feasible connection topology schemes of each INOWF, which can contract the feasible region of the CP model and reduce the difficulty in obtaining the optimal solution. Finally, a decomposition and coordination planning algorithm is developed to decompose the original complex optimization model into two tractable sub-models for INOWF and OTE planning. This approach efficiently obtains the optimal CP scheme for multiple INOWFs and OTE through alternating iterations. Case studies on the modified IEEE 39-bus system with two OWFs and an actual provincial power system with six OWFs demonstrate the correctness and efficiency of the proposed model and algorithm.","2367-0983","","10.23919/PCMP.2024.000078","Guangdong Basic and Applied Basic Research Foundation(grant numbers:2024B1515250007,2023A1515240075); ","https://ieeexplore.ieee.org/stamp/stamp.jsp?arnumber=10992294","Coordinated planning;decomposition and coordination optimization;offshore wind farm;parallel random search;transmission expansion planning","Network topology;Search methods;Wind farms;Wind power generation;Planning;Topology;Power systems;Broadband communication;Protection;Oscillators","","7","","32","","7 May 2025","May 2025","","PSPC","PSPC Journals"
"Risk-averse Robust Interval Economic Dispatch for Power Systems with Large-scale Wind Power Integration","Z. Lin; H. Chen; J. Chen; J. Huang; M. Li","School of Electric Power Engineering, South China University of Technology, Guangzhou, China; School of Electric Power Engineering, South China University of Technology, Guangzhou, China; School of Electric Power Engineering, South China University of Technology, Guangzhou, China; School of Electric Power Engineering, South China University of Technology, Guangzhou, China; School of Electric Power Engineering, South China University of Technology, Guangzhou, China",CSEE Journal of Power and Energy Systems,"5 Feb 2024","2024","10","1","105","116","This paper presents a robust interval economic dispatch (RIED) model for power systems with large-scale wind power integration. Differing from existing interval optimization (IO) approaches that merely rely on the upper and lower boundaries of random variables, the distribution information retained in the historical data is introduced to the IO method in this paper. Based on the available probability distribution function (PDF), wind power curtailment and load shedding are quantified as the operational risk and incorporated into the decision-making process. In this model, we need not rely on the forecasted value of wind power, which is randomly fluctuating and quite unpredictable. Furthermore, when the PDFs of wind power are taken into account, the resulting dispatch solution makes a good tradeoff between the generation cost and the operational risk. Finally, the RIED model yields an optimal dispatch solution for thermal units and the allowable intervals of wind power for the wind farms, which efficiently mitigates the uncertainty in wind power generation and provides more practical suggestions for system operators. Simulation studies are conducted on a modified IEEE-118 bus system and the results verify the effectiveness of the proposed RIED model.","3066-9308","","10.17775/CSEEJPES.2020.05630","National Natural Science Foundation of China(grant numbers:51937005); Natural Science Foundation of Guangdong Province(grant numbers:2019A1515010689); ","https://ieeexplore.ieee.org/stamp/stamp.jsp?arnumber=9535389","Economic dispatch;interval optimization;risk-averse;wind power generation","Wind power generation;Uncertainty;Optimization;Wind farms;Random variables;Power systems;Load modeling","","8","","34","","10 Sep 2021","January 2024","","CSEE","CSEE Journals"
"A Two-Stage Distributionally Robust Optimization Model for Wind Farms and Storage Units Jointly Operated Power Systems","P. Li; L. Song; J. Qu; Y. Huang; X. Wu; X. Lu; S. Xia","State Key Laboratory of Operation and Control of Renewable Energy & Storage Systems (China Electric Power Research Institute), Beijing, China; State Key Laboratory of Operation and Control of Renewable Energy & Storage Systems (China Electric Power Research Institute), Beijing, China; State Key Laboratory of Operation and Control of Renewable Energy & Storage Systems (China Electric Power Research Institute), Beijing, China; State Key Laboratory of Operation and Control of Renewable Energy & Storage Systems (China Electric Power Research Institute), Beijing, China; College of Mechanical and Optoelectronic Physics, Huaihua University, Huaihua, China; School of Electrical Engineering, Southeast University, Nanjing, China; State Key Laboratory of Operation and Control of Renewable Energy & Storage Systems (China Electric Power Research Institute), Beijing, China",IEEE Access,"12 Aug 2021","2021","9","","111132","111142","To explore the benefit of energy storage for countering high-level wind power fluctuations, a two-stage distributionally robust optimization model is proposed for wind farms and storage units (SUs) jointly operated power systems. First, the 1-norm and  $\infty $ -norm confidence sets are presented to model the fluctuations of wind power output, then a two-stage distributionally optimization model is formed to minimize system total cost with secure operation constraints, where the ON-OFF status of generators and SUs are determined in the first stage by day-ahead dispatching, while the power output of generators, wind power curtailment, load shedding and SUs charging/discharging power are optimized in the second stage. Afterward, the column-and-constraint generation (CCG) algorithm is presented to solve the proposed two-stage model. Finally the influence of confidence level of confidence sets and SU capacities on system total cost is analyzed, and the effectiveness of the proposed model is also validated by the case studies.","2169-3536","","10.1109/ACCESS.2021.3101569","Open Fund of State Key Laboratory of Operation and Control of Renewable Energy & Storage Systems (China Electric Power Research Institute) for the year 2021; ","https://ieeexplore.ieee.org/stamp/stamp.jsp?arnumber=9502683","Distributionally robust optimization;CCG algorithm;two-stage;confidence set;storage units","Generators;Wind power generation;Power systems;Optimization;Wind farms;Load modeling;Dispatching","","31","","35","CCBY","30 Jul 2021","2021","","IEEE","IEEE Journals"
"Monetizing Photovoltaic Curtailment: Benchmarking Battery Storage Against Flexible Electricity Demand via Bitcoin Mining","I. T. Thomaidis; T. K. Dasaklis","School of Social Sciences, Hellenic Open University, Patras, Greece; School of Social Sciences, Hellenic Open University, Patras, Greece",IEEE Access,"9 Sep 2026","2026","14","","137100","137126","Increasing solar photovoltaic (PV) curtailment is creating a growing volume of renewable electricity that is generated but cannot be delivered to the grid, raising the question of how this curtailed-energy resource can be economically utilized. This study develops a comparative benchmark framework for evaluating two alternative utilization pathways: battery energy storage systems (BESS) and flexible electricity demand represented by Bitcoin (BTC) mining. Using operator-reported curtailment data and Day-Ahead Market (DAM) prices for February 2024–January 2026, both pathways are evaluated using the same observed curtailed-energy stream under stream-native benchmark and deployable fixed-site overlay configurations. The retained sample comprises 1,715 positive-curtailment hours and 1,121,643.6 MWh of observed curtailed energy, with March–June 2025 accounting for 60.3% of the energy and 60.7% of the signed DAM-valued opportunity-cost benchmark. Under stream-native sizing, BTC mining produces gross operating monetization intensities of e21.31–e67.02/MWh of total curtailed energy, compared with e4.03–e10.35/MWh for BESS. Under the deployable fixed-site overlays, the corresponding ranges are e0.11–e5.36/MWh for mining and e0.01–e0.66/MWh for BESS. BTC also retains higher gross and net operating monetization intensities when BESS converter power is matched to the corresponding mining-site input power. Nevertheless, neither pathway reaches its applicable pathway-specific feasibility threshold under the benchmark assumptions. The findings therefore support a bounded comparison of operating monetization performance and pathway-specific feasibility, rather than a symmetric project-finance ranking of BESS and BTC mining.","2169-3536","","10.1109/ACCESS.2026.3730225","","https://ieeexplore.ieee.org/stamp/stamp.jsp?arnumber=11677030","Photovoltaic curtailment;bitcoin mining;battery energy storage systems;flexible demand;techno-economic assessment;renewable energy utilization;Greece","Energy;Streams;Costing;Costs;Pricing;Renewable energy sources;Discharges (electric);Batteries;Dams;Application specific integrated circuits","","","","67","CCBY","3 Sep 2026","2026","","IEEE","IEEE Journals"
"An EV-Based Wind Power Curtailment Scheme Utilizing the Power Sensitivity of the Distribution Network","I. Nam; J. -H. Kim; Y. Yoo; S. Jung","Department of Electrical Engineering, Hanbat National University, Daejeon, South Korea; Department of Electrical Engineering, Hanbat National University, Daejeon, South Korea; Myongji University, Yongin, South Korea; Department of Electrical Engineering, Hanbat National University, Daejeon, South Korea",IEEE Access,"14 Jun 2022","2022","10","","61124","61134","With the increased usage of different types of renewable energy based on variable output characteristics, power curtailments have become a major problem in grid operation. The advanced controllers in distribution networks are significant in reducing the uncertainties caused by renewable generators. Along with this, at the operational level, the determination of the appropriate amount of curtailment for the stability and economics of the system was taken into account The paper proposes an adaptive curtailment method in order to improve the accuracy of the power flow coming from the distribution network, with the signal created according to the system operator based on the response of the electric vehicle (EV). The method covers the economic loss caused by the curtailment process through the compensation profits. The main determinant reference proposal concerns the sensitivity and ability to increase the stability and economic feasibility of the interconnected power system. The benefits generated by the EV charging are provided to wind turbine operators in the scenario to compensate for excessive constraints. The whole method is applied in the IEEE-69 bus system to verify the effect with MATLAB.","2169-3536","","10.1109/ACCESS.2022.3181585","Korea Electric Power Corporation(grant numbers:R21XO01-23); Korea Institution of Energy Technology Evaluation and Planning (KETEP); Ministry of Trade, Industry and Energy (MOTIE) of the Republic of Korea(grant numbers:20204030200080); ","https://ieeexplore.ieee.org/stamp/stamp.jsp?arnumber=9792415","Curtailment;distribution system;EV charge;power sensitivity;wind system","Wind turbines;Power system stability;Economics;Sensitivity;Electric vehicle charging;Load flow;Stability criteria","","5","","32","CCBY","9 Jun 2022","2022","","IEEE","IEEE Journals"
"Study on the Optimal Configuration of a Wind-Solar-Battery-Fuel Cell System Based on a Regional Power Supply","Z. Wang; Y. Jia; C. Cai; Y. Chen; N. Li; M. Yang; Q. Li","School of Energy and Power Engineering, Inner Mongolia University of Technology, Hohhot, China; School of Energy and Power Engineering, Inner Mongolia University of Technology, Hohhot, China; Chinese Academy of Sciences, Institute of Engineering Thermophysics, Beijing, China; School of Energy and Power Engineering, Inner Mongolia University of Technology, Hohhot, China; School of Energy and Power Engineering, Inner Mongolia University of Technology, Hohhot, China; School of Energy and Power Engineering, Inner Mongolia University of Technology, Hohhot, China; School of Energy and Power Engineering, Inner Mongolia University of Technology, Hohhot, China",IEEE Access,"29 Mar 2021","2021","9","","47056","47068","The integration of energy storage facilities into existing structures will result in increased costs. Therefore, it is of great significance to optimize the configuration of integrated power systems with multienergy flows to reduce the cost of the comprehensive utilization of energy. This study established a wind-solar-battery-fuel cell integrated power supply system to optimize the grid-connected regional power supply. First, the load is given with a known daily energy demand. The optimization goal is to minimize the average annual cost and the loss of power supply probability. The cost model includes the constraints of transportation costs and the benefits of selling hydrogen and oxygen. Then, an improved genetic algorithm is developed to optimize the structure of the wind-solar-battery-fuel cell integrated power supply system. The basic idea of the improved genetic algorithm is to change the coordination mode of the crossover operator and the mutation operator according to the size of the initial population fitness. Finally, according to the calculation results of the improved genetic algorithm, the optimal configuration of the capacity of devices in the system is obtained, verifying the effectiveness of the improved genetic algorithm. The cost calculation result of the genetic algorithm is 18.7% higher than that of the improved genetic algorithm, and it completely converges at approximately 70 steps. The cost calculation result of the particle swarm optimization is 17.1% higher than that of the improved genetic algorithm, and it completely converges at approximately 75 steps. The cost calculation result of the nondominated sorting genetic algorithm is 9.6% higher than that of the improved genetic algorithm, and it completely converges at approximately 58 steps. The system established in this research can fully meet the power demands for a given area and effectively reduce the local curtailment of wind energy and solar energy.","2169-3536","","10.1109/ACCESS.2021.3064888","Inner Mongolia Science and Technology Program(grant numbers:201601064); Inner Mongolia Autonomous Region Science and Technology Major Special Project-Autonomous Region Engineering Technology Research Center Construction Project; ","https://ieeexplore.ieee.org/stamp/stamp.jsp?arnumber=9374458","Multienergy flow integrated power supply system;optimum ratio;improved genetic algorithm;average annual cost;loss of power supply probability","Genetic algorithms;Power supplies;Optimization;Wind turbines;Mathematical model;Hydrogen;Wind energy","","32","","45","CCBY","10 Mar 2021","2021","","IEEE","IEEE Journals"
"Provision of Secondary Reserve From Photovoltaic and Wind Power Sources via Interconnections Among Balancing Areas","C. T. Urabe; J. Gari da Silva Fonseca; T. Takeuchi; M. Imanaka; K. Ogimoto","Faculty of Science and Engineering, Tokyo City University, Tokyo, Japan; Institute of Industrial Science, The University of Tokyo, Tokyo, Japan; Research Center for Mathematical Engineering, Chiba Institute of Technology, Chiba, Japan; Institute of Industrial Science, The University of Tokyo, Tokyo, Japan; Institute of Industrial Science, The University of Tokyo, Tokyo, Japan",IEEE Access,"21 Nov 2025","2025","13","","196181","196194","The penetration of Renewable Energy (RE) power generation has been steadily increasing to achieve carbon neutrality. Increases in RE power generation require more secondary reserve (SR) that responds to fluctuations in RE power outputs to balance electricity supply and demand. For power systems with high RE penetration, evaluating the impact of SR provision via interconnections is crucial. This study examines whether SR provision from RE power via interconnections can mitigate the challenges of maintaining supply–demand balance in power systems with high RE penetration. In this paper, we present a novel methodology for evaluating SR provision from RE power via interconnections through simulations, considering both operating costs and RE power curtailment in the assessment. Using this methodology, we conduct a comprehensive analysis of the effects of SR provision via interconnections based on the current specifications of a nationwide power system and its balancing areas (BAs). Twenty cases are examined using a demand–supply analysis tool to investigate different configurations of SR provision and interconnection usage of SR exchange. The resulting impacts on system operating costs and RE power curtailment are characterized in detail, bringing further significance to the study. We found that the SR provision from RE power via interconnections reduced the total operating costs and curtailment of RE power output. The flexible usage of interconnections for SR exchange reduces the operation of thermal power units with high fuel costs in each BA, allowing SR provision from thermal power units with lower fuel costs and from RE power sources in other BAs. The analyses demonstrate that SR provision from RE power via interconnections reduces RE curtailment by approximately 40 % and operating costs by around 2 %, highlighting its effectiveness in power systems with high RE power penetration. Therefore, the SR provision from RE power via interconnections contributes to maintaining supply-demand balance in power systems.","2169-3536","","10.1109/ACCESS.2025.3633733","JSPS KAKENHI(grant numbers:JP23K03816); ","https://ieeexplore.ieee.org/stamp/stamp.jsp?arnumber=11250934","Secondary reserve;flexibility;interconnection;fluctuation;photovoltaic power;wind power","Costs;Power systems;Fluctuations;Barium;Wind power generation;Carbon neutral;Supply and demand;Photovoltaic systems;STEM;Power markets","","","","47","CCBY","17 Nov 2025","2025","","IEEE","IEEE Journals"
"Accommodation of Curtailed Wind Power by Electric Boilers Equipped in Different Locations of Heat-supply Network for Power System with CHPs","Y. Ma; Y. Yu; Z. Mi","School of Electrical and Electronic Engineering, North China Electric Power University, Beijing, China; Department of Electrical Engineering, North China Electric Power University, Baoding, China; School of Electrical and Electronic Engineering, North China Electric Power University, Beijing, China",Journal of Modern Power Systems and Clean Energy,"30 Jul 2021","2021","9","4","930","939","Electric boilers (EBs) provide an alternative method to deal with the accommodation of curtailed wind power. To pursue the minimum coal consumption in the system, a dispatching model integrating combined-heat-and-power (CHP) plants and EBs in different locations is developed, and the penalty of wind power curtailment and cost of EB employment are also incorporated in the model. The transmission loss and transportation lag of heat-supply network as well as the elasticity of heat load are considered in this paper. A kind of constrained programming with stochastic and fuzzy parameters is applied to deal with the uncertainties. A case in East Inner Mongolia in China demonstrates that the EBs are able to absorb curtailed wind power and supply the heat. The results indicate that the utility of EBs in the primary or secondary heat-supply network to accommodate curtailed wind power is mainly related to the efficiency of heat transmission and the elasticity of heat load.","2196-5420","","10.35833/MPCE.2019.000151","Fundamental Research Funds for the Central Universities(grant numbers:2020MS095); ","https://ieeexplore.ieee.org/stamp/stamp.jsp?arnumber=9462579","Wind power;combined-heat-and-power (CHP) unit;electric boiler (EB);heat-supply network","Wind power generation;Cogeneration;Heating systems;Power grids;Load modeling;Resistance heating;Heat pumps","","8","","30","","22 Jun 2021","July 2021","","SGEPRI","SGEPRI Journals"
"Economic dispatch of resilient island integrated energy systems considering power to gas with waste heat power generation: Typhoon physics-aware deep reinforcement learning","J. H. Zheng; N. L. Hu; Z. Li; Q. H. Wu","School of Electric Power Engineering, South China University of Technology, Guangzhou 510641, China; School of Electric Power Engineering, South China University of Technology, Guangzhou 510641, China; School of Science and Engineering, The Chinese University of Hong Kong - Shenzhen, Shenzhen 518172, China; School of Electric Power Engineering, South China University of Technology, Guangzhou 510641, China",CSEE Journal of Power and Energy Systems,"","2026","PP","99","1","12","Due to unique geographical locations, island regions face severe challenges in maintaining energy supply stability during extreme typhoon events. Furthermore, traditional island integrated energy systems (IESs) suffer from inherent issues such as high wind curtailment rates, high energy supply costs, and low resource utilization efficiency. To address these issues, this paper develops a resilient island integrated energy system (RI-IES) model, utilizing a power-to-gas (P2G) subsystem with waste heat power generation. The RI-IES incorporates the P2G as a long-term, large-capacity energy storage measure to withstand the impacts of extreme typhoons. In order to efficiently tackle the economic dispatch (ED) problem of the RI-IES, this paper further proposes a typhoon physics-aware twin delayed deep deterministic policy gradient (TPA-TD3) approach. Specifically, a gated recurrent unit (GRU) branch is integrated into the deep reinforcement learning (DRL) decision network to capture the physical information of the typhoon in future periods, thereby realizing the preventive ED against time-varying typhoon events. To verify the effectiveness of the proposed TPA-TD3 for the ED of the RI-IES, simulations are conducted using the historical operational data of a typical island in China. Simulation results demonstrate that, compared with traditional models, the proposed RI-IES model effectively improves the utilization efficiency of secondary resources, reduces the load shedding amount and total operating costs, thereby enhancing both the operational resilience and economy of the system. Moreover, the proposed TPA-TD3 significantly outperforms other mainstream algorithms in both the training and testing stages.","3066-9308","","10.17775/CSEEJPES.2026.02360","","https://ieeexplore.ieee.org/stamp/stamp.jsp?arnumber=11679987","Resilient island integrated energy system;economic dispatch;extreme typhoon events;waste heat power generation;deep reinforcement learning","Energy;Modeling;Dispatching;Gases;Algorithms;Costing;Costs;Loading;Load shedding;Timing","","","","","","4 Sep 2026","","","CSEE","CSEE Early Access Articles"
"Global Electricity Interconnection With 100% Renewable Energy Generation","C. Wu; X. -P. Zhang; M. J. H. Sterling","Birmingham Energy Institute, University of Birmingham, Birmingham, U.K.; Birmingham Energy Institute, University of Birmingham, Birmingham, U.K.; Birmingham Energy Institute, University of Birmingham, Birmingham, U.K.",IEEE Access,"18 Aug 2021","2021","9","","113169","113186","Under the United Nations `Net-Zero 2050' target, transition towards a 100% renewable energy (RE) sourced power grid has become an ever more attractive pathway. However, the inherent fluctuations and intermittency of RE generation, particularly wind and solar, would inevitably pose great technical and economic barriers to their massive integration into the energy supply. A global interconnected electricity grid to utilize the complementarity of diverse demand patterns and RE sources provides an appealing solution. With detailed datasets, this paper is therefore to assess the economic benefits of such a global electricity grid with 100% RE generation using the state-of-the-art Ultra High Voltage Direct Current transmission technologies. The global electricity grid is split into 14 regions with 20 potential interconnection routes and regional geographical centroid is treated as equivalent node for inter-regional distance calculation. Global hourly meteorological re-analysis data of up to seven years with spatial resolution of 0.25°×0.25° (approximate 28 km×28km) is used to generate regional representative generation power series. With the minimum annual system cost for meeting demand in 2050, an integrated planning and power dispatch model is presented to determine the additional regional capacities of RE sources, storage systems, and the interconnectors from 2030, and in which load curtailment is incorporated and ` N-1' security are much stricter than those traditionally applied. The paper provides a comprehensive analysis with 24 cases based on different supply portfolios which show a 20% cost saving through specific global interconnections thereby lending support to the concept of a Global Electricity Grid.","2169-3536","","10.1109/ACCESS.2021.3104167","Engineering and Physical Sciences Research Council (EPSRC)(grant numbers:EP/N032888/1,EP/L017725/1); ","https://ieeexplore.ieee.org/stamp/stamp.jsp?arnumber=9511456","Ultra high voltage direct current (UHVDC);high voltage direct current (HVDC);renewable energy;solar generation;wind generation;hydropower generation;energy storage;load curtailment;global electricity interconnection;global electricity grid;net zero;power system security;power system planning","Power grids;Wind power generation;Spatial resolution;Europe;Electric potential;Renewable energy sources;Planning","","50","","57","CCBY","11 Aug 2021","2021","","IEEE","IEEE Journals"
"Low-Carbon Economic Dispatch Considering Wind Curtailment: A Distributionally Robust Chance-Constrained Approach","L. Yang; Z. Li; Y. Xu; H. Sun","Tsinghua-Berkeley Shenzhen Institute, Tsinghua Shenzhen International Graduate School, Tsinghua University, Shenzhen, China; Tsinghua-Berkeley Shenzhen Institute, Tsinghua Shenzhen International Graduate School, Tsinghua University, Shenzhen, China; Tsinghua-Berkeley Shenzhen Institute, Tsinghua Shenzhen International Graduate School, Tsinghua University, Shenzhen, China; Department of Electrical Engineering, Tsinghua University, Beijing, China",CSEE Journal of Power and Energy Systems,"11 Jun 2026","2026","12","3","1311","1322","In low-carbon transition, carbon emission will be an additional concern in power system dispatch under uncertainty. In this paper, we propose a distributionally robust chance-constrained (DRCC) model for the low-carbon economic dispatch (LCED) with wind power uncertainty to achieve a low-carbon and economical operations. The DRCC-LCED model characterizes the wind power uncertainty via the variable moment-based ambiguity set, which avoids the assumptions on both uncertainty distribution and exact moment information. We incorporate the choice of wind power curtailment as an optimization variable into the proposed DRCC-LCED model and then reformulate the model as a tractable second-order cone programming. Case studies demonstrate the effectiveness of the proposed DRCC-LCED approach and show the value of incorporating the wind power curtailment in terms of feasibility enhancement of DRCC modeling and reduction in system cost and carbon emission.","3066-9308","","10.17775/CSEEJPES.2022.09030","National Natural Science Foundation of China(grant numbers:52307138); ","https://ieeexplore.ieee.org/stamp/stamp.jsp?arnumber=10609310","Carbon emission;distributionally robust chance-constrained approach;economic dispatch;uncertainty;wind power curtailment","Uncertainty;Wind power generation;Wind forecasting;Renewable energy sources;Optimization;Predictive models;Power systems","","3","","37","","24 Jul 2024","May 2026","","CSEE","CSEE Journals"
"Day-Ahead Complementary Operation for a Wind-Hydro-Thermal System Considering Multi-Dimensional Uncertainty","X. Shi; R. Jia; Q. Huang; G. Huang; X. Lei; J. Li; B. Ming; Z. Zhao; L. Li","Xi'an University of Technology, Xi'an, China; Xi'an University of Technology, Xi'an, China; Xi'an University of Technology, Xi'an, China; University of Regina, Regina, Canada; Xi'an University of Technology, Xi'an, China; Xi'an University of Technology, Xi'an, China; Xi'an University of Technology, Xi'an, China; NA; Xi'an University of Technology, Xi'an, China",CSEE Journal of Power and Energy Systems,"20 Dec 2024","2024","10","6","2483","2494","Along with the wide-ranging addition of wind power into power systems, multiple uncertainties are produced due to continuous changes of wind power, which in turn will affect the dispatching and operational process of the power grid. In this process, excessive pursuit of the lowest risk of wind energy may bring an apparent influence on the economic effect of the multi-energy complementary power generation system because a continuous imbalance between demand and supply may lead to wind curtailment. To solve these issues, a new model that couples the multi-dimensional uncertainty model with the day-ahead complementary operation model is developed for a wind-hydro-thermal system. A multi-dimensional uncertainty model (MU) is used to deal with wind uncertainty because it can quantitatively describe the complex features of error distribution of hourly day-ahead wind power forecasting. The multi-dimensional interval scenes attained by the MU model can reflect hour-to-hour uncertain interaction in the day-ahead complementary operation for the wind-hydro-thermal system. This new model can make up for the shortcomings of the day-ahead operation model by reducing wind power risk and optimizing the operational costs. A two-layer nested approach with the hierarchical structure is applied to handle the wind-hydro-thermal system's complex equality and inequality constraints. The new model and algorithm's effectiveness can be evaluated by applying them to the Shaanxi Electric Power Company in China. Results demonstrated that: compared with the conventional operation strategies, the proposed model can save the operational cost of the units by 7.92 % and the hybrid system by 0.995 %, respectively. This study can offer references for the impact of renewable energy on the power grid within the context of the day-ahead electricity market.","3066-9308","","10.17775/CSEEJPES.2020.04690","National Natural Science Foundation of China(grant numbers:51879213); China Postdoctoral Science Foundation(grant numbers:2020M673453); ","https://ieeexplore.ieee.org/stamp/stamp.jsp?arnumber=9770501","Complementary operation;deep learning;multi-dimensional uncertainty;risk analysis;wind-hydro-thermal system;wind driven optimization","Uncertainty;Wind power generation;Stochastic processes;Predictive models;Hydroelectric power generation;Probability density function;Power system stability","","2","","42","","6 May 2022","November 2024","","CSEE","CSEE Journals"
"Optimization of Wind Power Curtailment by OPF in Hybrid AC/VSC-HVDC Systems With DC Voltage Constraints","S. Kim","Department of Electrical, Electronic and Computer Engineering, University of Ulsan, Ulsan, South Korea",IEEE Access,"28 Nov 2023","2023","11","","130828","130839","This paper proposes an optimization method for wind power output curtailment based on optimal power flow (OPF) analysis. The wind curtailment ratio is incorporated as a controllable variable in the OPF formulation. A voltage-source converter based high-voltage direct current (VSC-HVDC) system is installed in a power system model considering large-scale wind farm integration. Inertia emulation control (IEC) is implemented for the VSC-HVDC system. When a disturbance occurs, the VSC-HVDC system can participate in the AC grid frequency stabilization by supplying active power. However, the utilization of the active power in the VSC-HVDC system results in DC grid voltage fluctuation. This fluctuation can be reduced if the IEC frequency control can be replaced by wind-side frequency regulation. However, wind-based frequency control requires wind output suppression to obtain the reserve capacity. This is undesirable for minimizing the fuel cost objective function. In this context, the novel point of this paper is to determine the optimal wind output curtailment considering both the fuel cost objective function and the DC voltage constraints by the OPF analysis. Considering the DC voltage reference deviation occurred by the IEC, the deviation range of the DC voltage reference is limited as an inequality constraint to prevent infeasible DC voltage fluctuations. Based on this approach, the advantage of wind output suppression can be analyzed from the DC voltage perspective. Sensitivity analysis on the DC voltage constraints, wind power plant capacity, and VSC-HVDC system capacity is performed to prove the effectiveness of the proposed method.","2169-3536","","10.1109/ACCESS.2023.3335133","National Research Foundation of Korea (NRF); Korean Government (MSIT)(grant numbers:RS-2022-00165574); ","https://ieeexplore.ieee.org/stamp/stamp.jsp?arnumber=10323442","DC voltage constraint;VSC-HVDC;optimal power flow;primary frequency support;wind power curtailment","Power conversion;Converters;Frequency control;Wind power generation;Power system stability;Generators;DC machines;HVDC transmission","","6","","43","CCBYNCND","20 Nov 2023","2023","","IEEE","IEEE Journals"
"Multi-Scenario Stochastic Optimal Scheduling for Power Systems With Source-Load Matching Based on Pseudo-Inverse Laguerre Polynomials","J. Ye; L. Xie; L. Ma; Y. Bian; C. Cui","School of Electrical Engineering, Xinjiang University, Ürümqi, China; School of Electrical Engineering, Xinjiang University, Ürümqi, China; School of Electrical Engineering, Xinjiang University, Ürümqi, China; School of Electrical Engineering, Xinjiang University, Ürümqi, China; School of Electrical Engineering, Xinjiang University, Ürümqi, China",IEEE Access,"1 Dec 2023","2023","11","","133903","133920","In the optimization scheduling of power systems containing renewable energy, to ensure that the scheduling results have higher security and better economy, this study proposes a multi-objective forecasting, scenario generation, and decision scheduling integrated stochastic optimal scheduling method. Firstly, to improve the accuracy and stability of wind-photovoltaic power forecasting, a novel multi-objective wind-photovoltaic forecasting model is proposed based on the Laguerre polynomial, pseudo-inverse learning, and hybrid multi-objective Runge-Kutta algorithm (HMORUN). Secondly, to deal with wind-photovoltaic uncertainty, scenarios with representative wind-photovoltaic uncertainty characteristics are generated by scenario generation and reduction techniques using wind-photovoltaic power forecast results. Finally, considering wind-photovoltaic output fluctuations, the degree of source-load matching, wind-photovoltaic utilization, and system economic efficiency factors, with the objective of maximizing the tracking of the load curve and minimizing system economic costs, a stochastic optimized scheduling model for power systems is established. This study uses HMORUN as a solution tool for the multi-objective stochastic optimization scheduling problem (MOSSP). This study uses constraint repair techniques to deal with the complex constraints of the MOSSP model to avoid system load shedding and minimize wind and photovoltaic generation curtailment. To verify the effectiveness of the proposed model, a 10-generator power system, including a wind farm and a photovoltaic plant, is used as a test case for simulation experiments and compared with other multi-objective scheduling models. The experimental results show that the stability of the proposed scheduling model has been improved by a maximum of 0.4%, and the economy has been improved by a maximum of 7.5%.","2169-3536","","10.1109/ACCESS.2023.3336694","National Natural Science Foundation of China(grant numbers:62163034); Science and Technology Innovation Talents and High-Level Talents Project of the Xinjiang Uygur Autonomous Region(grant numbers:2022TSYCLJ0017); Major Special Project in Xinjiang Uygur Autonomous Region(grant numbers:2022A01001-1,2022A01007-4); ","https://ieeexplore.ieee.org/stamp/stamp.jsp?arnumber=10332154","Laguerre polynomial;pseudo-inverse learning;forecasting;hybrid multi-objective Runge-Kutta algorithm;stochastic optimal scheduling","Optimal scheduling;Forecasting;Stochastic processes;Predictive models;Optimization;Power system stability;Photovoltaic systems","","4","","49","CCBYNCND","28 Nov 2023","2023","","IEEE","IEEE Journals"
"Optimal Sizing of Photovoltaic Systems With Flexible Curtailment Strategy","P. D. Mršić; Č. V. Zeljković; P. Č. Stefanov","School of Electrical Engineering, University of Belgrade, Belgrade, Serbia; Faculty of Electrical Engineering, University of Banja Luka, Banja Luka, Bosnia and Herzegovina; School of Electrical Engineering, University of Belgrade, Belgrade, Serbia",IEEE Access,"12 Mar 2026","2026","14","","37115","37130","As part of many national energy transition strategies, solar photovoltaic (PV) capacity is expected to increase significantly because PV deployment represents a key pathway for decarbonizing the energy sector. Alongside utility-scale installations, distributed PV systems connected to near-end users are becoming increasingly common in distribution networks. However, integrating intermittent sources without demand-matching capabilities introduces challenges related to operational network constraints. Consequently, distribution system operators (DSOs) limit PV integration to an acceptable level, referred to as hosting capacity (HC). Moreover, with increasing PV penetration, the curtailment of production becomes necessary during certain periods. Although curtailment has traditionally been avoided owing to the associated loss of clean energy, techno-economic studies show that shifting toward curtailment management can increase both HC and profitability. Curtailment management can be achieved through flexible PV power control, energy-storage integration, demand-side management, and flexible network regulation devices. This study specifically focuses on the techno-economic performance of flexible PV power control and compares it with the conventional approach without curtailment management, energy storage-based solutions, and their combination. The analysis was conducted on a modified IEEE 33-node test network, and key network constraints were incorporated. Using sequential Monte Carlo simulations with correlated stochastic time-series data for PV production, load profiles, and electricity prices over the years, the optimal PV and/or energy storage capacities were determined for various configurations. The results demonstrate that flexible curtailment management can increase both PV HC and expected profit, providing DSOs with boundary HC values while offering investors insight into the profitability of further PV integration.","2169-3536","","10.1109/ACCESS.2026.3671161","","https://ieeexplore.ieee.org/stamp/stamp.jsp?arnumber=11422857","Battery energy storage;flexible power point tracking;hosting capacity;photovoltaic systems;techno-economic assessment;Monte Carlo simulations","Production;Distribution networks;Photovoltaic systems;Uncertainty;Electricity;Costs;Profitability;Planning;Monte Carlo methods;Green energy","","1","","54","CCBY","6 Mar 2026","2026","","IEEE","IEEE Journals"
"Multi-Objective Stochastic Optimal Configuration for Device Capacities in Carbon Capture and Power to Gas in Offshore-Onshore Integrated Energy System","S. Lin; X. Sheng; Y. Pan; W. Liang; M. Liu","School of Electric Power Engineering, South China University of Technology, Guangzhou, China; School of Electric Power Engineering, South China University of Technology, Guangzhou, China; School of Electric Power Engineering, South China University of Technology, Guangzhou, China; School of Electric Power Engineering, South China University of Technology, Guangzhou, China; School of Electric Power Engineering, South China University of Technology, Guangzhou, China",Journal of Modern Power Systems and Clean Energy,"3 Feb 2026","2026","14","1","237","249","The offshore-onshore integrated energy system (OOIES) comprises offshore gas production platforms, wind farms, and onshore gas-fired combined heat and power plants, facilitating the integrated operation of multiple energy sources. To address the challenge of optimally configuring the device capacities in carbon capture and power to gas (CC-P2G) amid stochastic fluctuations in offshore gas and wind power outputs, this study proposes a multi-objective approximate dynamic programming algorithm. This algorithm solves the multi-objective stochastic optimal configuration for the device capacities in CC-P2G in OOIES by simultaneously optimizing investment and operation costs, wind power curtailment, and carbon emissions. By leveraging value function matrices for multiple objectives to solve the extended Bellman equation, the multi-objective multi-period model is decomposed into a series of multi-objective single-period optimization problems, which are solved recursively. Additionally, a weighted Chebyshev function is introduced to obtain the compromise optimal solution for multi-objective optimization model during each period. A case study of an OOIES confirms the effectiveness and efficiency of the proposed algorithm.","2196-5420","","10.35833/MPCE.2024.001260","Guangdong Basic and Applied Basic Research Foundation(grant numbers:2023A1515240075); ","https://ieeexplore.ieee.org/stamp/stamp.jsp?arnumber=11045242","Capacity configuration;carbon capture;power to gas;multi-objective stochastic optimization;integrated energy system;weighted Chebyshev function;approximate dynamic programming","Optimization;Costs;Stochastic processes;Resistance heating;Power systems;Hydrogen;Generators;Carbon capture and storage;Inductors;Wind farms","","3","","31","","19 Jun 2025","January 2026","","SGEPRI","SGEPRI Journals"
"Evaluating Potential Benefits of Flexible Solar Power Generation in the Southern Company System","Q. Wang; W. B. Hobbs; A. Tuohy; M. Bello; D. J. Ault","Electric Power Research Institute, Palo Alto, CA, USA; Southern Company, Birmingham, AL, USA; Electric Power Research Institute, Palo Alto, CA, USA; Electric Power Research Institute, Palo Alto, CA, USA; Southern Company, Birmingham, AL, USA",IEEE Journal of Photovoltaics,"22 Dec 2021","2022","12","1","152","160","As penetration of variable renewable power increases, the power system needs more flexibility to manage the variability and uncertainty in the operation process. Allowing solar generation to provide this flexibility can bring substantial benefits to the system. This article evaluates the impacts of flexible solar power generation in the Southern Company power system. The production cost model simulation methodology was used for the analysis, with a 5-min dispatch temporal resolution in the real-time. Enabling a subhourly production cost simulation helps to capture more variability in system load and renewable generation. The solar and wind generation forecasting data were simulated with a realistic nature. A total of 15 scenarios were tested with solar capacities of 2, 7, and 20 GW respectively. Simulation results show that the system may see operational challenges to balance the load and meet the reserve requirements with increased solar penetration level and reduced flexibility due to the retirement of coal plants. Enabling solar power generation flexibility will bring significantly benefits to the system, including reduced penalty costs, increased reliability, reduced solar curtailment, and reduced greenhouse gas emissions. The results also show that energy storage can provide some of the same grid services as flexible solar, thereby reducing the value of flexible solar. Nevertheless, combining flexible solar and energy storage resources could bring additional benefits to the system.","2156-3403","","10.1109/JPHOTOV.2021.3126118","Southern Company(grant numbers:1-112583); Electric Power Research Institute; ","https://ieeexplore.ieee.org/stamp/stamp.jsp?arnumber=9627127","Flexible solar power;grid integration;high renewables;production cost simulation;reserves","Mathematical models;Power systems;Phase change materials;Renewable energy sources;Load modeling;Costs;Coal","","21","","25","CCBY","25 Nov 2021","Jan. 2022","","IEEE","IEEE Journals"
"Optimal Siting and Operation of Hydrogen Stations in Distribution Networks: Voltage Support, Seasonal Storage, and Market-Driven Scheduling","C. V. Grammenou; A. S. Bouhouras","Department of Electrical and Computer Engineering, University of Western Macedonia, ZEP Campus, Greece; Department of Electrical and Computer Engineering, University of Western Macedonia, ZEP Campus, Greece",IEEE Access,"10 Jun 2026","2026","14","","84873","84892","The need to reduce carbon emissions, combined with the increasing and often uncontrollable penetration of Renewable Energy Sources (RES) in distribution networks (DNs), introduces significant operational challenges, including voltage deviations and energy curtailment. This highlights the importance of developing and deploying advanced energy storage solutions. Hydrogen Stations (HSs) represent a promising option for storing surplus energy generated by RES. In this paper, a comprehensive framework for the optimal siting and operation of HSs is proposed, aiming to enhance network performance while ensuring economic viability. Each HS consists of an electrolyzer, a hydrogen storage tank, and a fuel cell (FC), enabling both energy storage and ancillary service provision. Given that many European countries have not yet established the necessary infrastructure for hydrogen transport and trading, hydrogen is utilized exclusively for ancillary services and seasonal storage. Specifically, dual objective mixed-integer linear programming (MILP) optimization models are developed, to address technical and economic objectives, over a one-year planning horizon. The first model focuses on minimizing voltage deviations across network buses, through the optimal siting and operation of HSs, while the second model aims to minimize the total operating cost (OC) under different electricity market scenarios. The methodology is applied to a 33-node Medium Voltage (MV) DN using real load, RES generation, and market price data. The results demonstrate that the proposed approach achieves a significant reduction in voltage fluctuations (up to 50.48% compared to the baseline case), effectively mitigating both overvoltage and undervoltage conditions. Furthermore, the economic analysis reveals that the viability of HS investments strongly depends on the pricing structure of ancillary services, with favorable scenarios leading to annual revenues exceeding  ${\unicode {0x20AC}}~1$  million and payback periods below ten years. The proposed framework demonstrates the capability of HSs to support grid operation and facilitate their integration into future ancillary service markets, thus providing a promising solution for DNs with high-RES penetration.","2169-3536","","10.1109/ACCESS.2026.3700028","","https://ieeexplore.ieee.org/stamp/stamp.jsp?arnumber=11550048","Hydrogen storage system;ancillary services;distribution system;energy market;linear programming","Hydrogen;Voltage;Pricing;Energy;Optimization;Modeling;Electricity;Timing;Costing;Costs","","","","42","CCBY","3 Jun 2026","2026","","IEEE","IEEE Journals"
"Hydrogen for a sustainable tomorrow: Evaluating the financial and technical dimensions of green hydrogen production in South Africa — A case study in Ethekwini muncipality","U. Pillay; M. F. Khan","University of KwaZulu Natal and also an electrical design engineer at Zutari; University of KwaZulu-Natal, Durban, South Africa",SAIEE Africa Research Journal,"24 Jan 2025","2025","116","2","68","78","Green hydrogen has emerged as a prominent approach in an effort to mitigate global warming. Given the urgency of addressing the climate change crisis and mitigating global warming, there is an increasing emphasis on curtailing carbon dioxide emissions. This can be achieved through the production of green hydrogen. While there are various renewable power supply options capable of being utilized for producing green hydrogen, this research focuses solely on offshore wind, photovoltaics (PV), and a hybrid solution due to eThekwini's perceived abundance of solar radiation and extensive coastlines with ample wind resources, making it highly conducive to renewable energy generation. This paper initially introduces the concept of Green Hydrogen production and outlines the methodology employed to assess the viability of hydrogen production from various potential sources. Additionally, the energy requirements for a typical hydrogen plant are determined, along with a brief discussion on potential sites. In this case study, an energy yield assessment was conducted for PV, offshore wind, and a proposed hybrid model to determine the most beneficial source and identify any technical issues that may arise from the utilization of the considered power supplies. Finally, a high-level financial assessment assessing the project's financial viability is described.","1991-1696","","10.23919/SAIEE.2025.10852566","","https://ieeexplore.ieee.org/stamp/stamp.jsp?arnumber=10852566","Decarbonization;Green Hydrogen;Offshore Wind;SDG-7;Solar Photovoltaics","Production;Security;Green hydrogen;Encryption;Image color analysis;Green products;Ciphers;Fuel cells;Computational efficiency;Elliptic curve cryptography;Climate change","","1","","","","24 Jan 2025","June 2025","","SAIEE","SAIEE Journals"
"Probabilistic Risk Assessment in Power Systems With High Wind Energy Penetration","M. Draz; F. Pagel; S. Albayrak","DAI-Labor, Technische Universität Berlin, Berlin, Germany; DAI-Labor, Technische Universität Berlin, Berlin, Germany; DAI-Labor, Technische Universität Berlin, Berlin, Germany",IEEE Access,"4 Oct 2024","2024","12","","140097","140111","Power systems are increasingly confronted with operational uncertainties. These stem from the integration of wind and solar energy sources with inherently stochastic generation behavior. The ensuing risks include power plant curtailments or grid imbalances. The deterministic approaches that currently underpin most planning have proven insufficient to manage these risks. This paper presents an alternative in the form of a data-driven probabilistic approach with direct relevance for transmission system operators. The models present a novel methodology that is independent of the common boundary conditions, e.g. case-specific models. First, we compare several data-driven algorithms and assign the forecasting task to the best-performing one. Second, the resulting forecast serves as an input for three optimal power flow (OPF) problems we tailor to the German power system. These problems minimize energy import volumes, energy import costs, and overall power losses. Third, based on the OPF results, we perform a risk assessment for operational instability, power loss, financial losses, and renewable energy waste. The results show that neural networks slightly outperform traditional machine learning algorithms in forecasting accuracy. However, linear-quadratic regulators remain attractive for their simplicity-performance ratio. Our probabilistic OPF approach can reduce power losses and identify frequency and line loading irregularities that deterministic methods do not. The data-driven approach we propose is superior to existing approaches in terms of its performance, usability, and applicability to complex power systems.","2169-3536","","10.1109/ACCESS.2024.3463882","Open Access Publication Fund of the Technische Universitat Berlin; DeRive project; German Federal Ministry for Economic Affairs and Climate Action (BMWK)(grant numbers:01MV22014F); ","https://ieeexplore.ieee.org/stamp/stamp.jsp?arnumber=10684197","Machine learning;power systems reliability;power forecasting;uncertain optimization;risk assessment","Uncertainty;Probabilistic logic;Costs;Wind energy;Forecasting;Wind power generation;Power system stability;Machine learning;Power system reliability;Risk management","","11","","41","CCBYNCND","19 Sep 2024","2024","","IEEE","IEEE Journals"
"Optimization Strategy of Wind Power Curtailment Under LVRT Operation","S. Kim","Department of Electrical, Electronic, and Computer Engineering, University of Ulsan, Ulsan, South Korea",IEEE Access,"29 Aug 2024","2024","12","","116637","116648","A novel wind power curtailment optimization method considering low-voltage ride through (LVRT) operation is developed. The reserve capacity of wind generation for reactive power output is necessary to ensure the proper operation of a wind power plant (WPP) when a voltage drop occurs. In this context, the active power production of the wind power plant is curtailed to obtain the reactive power output capacity. On the contrary, this curtailed wind operation leads to an increased power system fuel cost. Considering these aspects, the proposed methodology can determine the optimal wind curtailment level by the optimal power flow (OPF) formulation. The wind-side bus voltage during the low-voltage condition is incorporated as an additional inequality constraint. Furthermore, the wind-side grid frequency decreases due to the reduced power production of the wind power plant after a fault occurrence. A primary frequency controller can be implemented in the WPP model to alleviate this frequency drop. The proposed method is evaluated based on the Western System Coordinating Council (WSCC) three-generator nine-bus and IEEE 39-bus power system models. The relationships among the wind power curtailment ratio, wind-side bus voltage constraints, and wind power plant capacity are analyzed.","2169-3536","","10.1109/ACCESS.2024.3446967","National Research Foundation of Korea through Korean Government(grant numbers:RS-2022-00165574); ","https://ieeexplore.ieee.org/stamp/stamp.jsp?arnumber=10643068","Low-voltage ride through;optimal power flow;primary frequency control;voltage constraint;wind power curtailment","Wind power generation;Reactive power;Low voltage;Frequency control;Costs;Production;Power system stability","","6","","38","CCBYNCND","21 Aug 2024","2024","","IEEE","IEEE Journals"
"Analysis of Deloaded Wind Power in Hybrid AC/HVDC Systems by Frequency Stability Constrained Optimal Power Flow","S. Kim","Department of Electrical Engineering, University of Ulsan, Ulsan, South Korea",IEEE Access,"3 Oct 2023","2023","11","","104441","104451","This paper investigates the relationship between the frequency support by voltage-source converter based high-voltage direct current (VSC-HVDC) systems and the deloaded wind power operation considering the frequency stability constraints. The frequency stability is incorporated as additional constraints in the optimal power flow (OPF) analysis. The reserve capacity of the wind power plants should be provided for frequency support, which requires wind power output suppression during the steady-state. On the contrary, this wind output curtailment is unnecessary if the frequency stability constraints can be satisfied by the fast frequency controller of the VSC-HVDC system. The optimal wind power deload ratio can be determined by the OPF calculation. A hybrid AC/VSC-HVDC system model is designed based on the IEEE 39-bus system. The inertia emulation control (IEC) method is applied to the slack converter for the primary frequency support. Sensitivity analysis on the frequency stability constraints, and the capacities of wind power plants and HVDC systems are carried out. It is validated that the primary frequency support of VSC-HVDC systems can reduce the wind power output suppression.","2169-3536","","10.1109/ACCESS.2023.3318598","2022 Research Fund of University of Ulsan(grant numbers:2022-0498); ","https://ieeexplore.ieee.org/stamp/stamp.jsp?arnumber=10261982","Deloaded wind power;frequency stability constraint;HVDC;inertia emulation control;optimal power flow;primary frequency support","Frequency control;Power conversion;Converters;Power system stability;Wind power generation;HVDC transmission;Synchronous generators","","8","","48","CCBYNCND","25 Sep 2023","2023","","IEEE","IEEE Journals"
"Renewable Energy Integration Enhancement by Exploiting Reserve Supply Capabilities of Data Centers and Cross-Region Systems in Multi-Region System Dispatch","T. Jin; Y. Lu; L. Bai; X. Chen; J. Wen; Y. Zhang","State Key Laboratory of Advanced Electromagnetic Technology, Huazhong University of Science and Technology, Wuhan, China; Institute of New Energy, Wuhan, China; William States Lee College of Engineering, University of North Carolina at Charlotte, Charlotte, NC, USA; State Key Laboratory of Advanced Electromagnetic Technology, Huazhong University of Science and Technology, Wuhan, China; State Key Laboratory of Advanced Electromagnetic Technology, Huazhong University of Science and Technology, Wuhan, China; State Key Laboratory of Advanced Electromagnetic Technology, Huazhong University of Science and Technology, Wuhan, China",Journal of Modern Power Systems and Clean Energy,"22 May 2026","2026","14","3","833","844","As the rapid growth of renewable energy sources (RESs) with fluctuating and uncertain power generation, reserve shortages become increasingly severe, limiting the further integration of RESs and making it essential to exploit additional reserve sources. The fast-growing data centers offer significant potential to provide reserves due to their spatial and temporal dispatch flexibility. However, large quantities of jobs in the data centers have different computing requirements, making it challenging to estimate the availability of data centers for providing reserves. Meanwhile, the regional resource mix leads to uneven reserve distribution and mismatches between reserve supply and demand. The cross-region reserve supply has the capability to mitigate such mismatches as it allows different regions to provide reserve to each other. This paper enriches the reserve sources in multi-region system dispatch to enhance renewable energy integration by exploiting the reserve supply capabilities of data centers and cross-region systems. The model for available reserves of data centers is proposed via analyzing the envelope of computing constraints of aggregated jobs. In addition, a comprehensive cross-region reserve supply model is presented by considering reserve supply and demand limitations and reserve transmission capability. Case studiesare performed and the results show that the data centers can provide a substantial amount of reserves. Both the migration of jobs among data centers and the cross-region reserve supply transfer reserve resources among multiple regions. Simulations on a real-world power grid system further demonstrate that unlocking the reserve supply potential of data centers can reduce operating costs by 0.4% and the curtailment of RESs by 1.7%.","2196-5420","","10.35833/MPCE.2025.000306","National Science Fund for Distinguished Young Scholars of China(grant numbers:72325006); ","https://ieeexplore.ieee.org/stamp/stamp.jsp?arnumber=11393678","Renewable energy source (RES);multi-region system;dispatch;flexibility;data center;cross-region reserve","Data centers;Electricity;Servers;Regulation;Demand response;Supply and demand;Computational modeling;Wind power generation;Thermal loading;Spinning","","","","36","","11 Feb 2026","May 2026","","SGEPRI","SGEPRI Journals"
"An Enhanced Performance Evaluation Metrics for Wind Power Ramp Event Forecasting","S. Yu; J. Hur","Department of Climate and Energy Systems Engineering, College of Engineering, Ewha Womans University, Seoul, South Korea; Department of Climate and Energy Systems Engineering, College of Engineering, Ewha Womans University, Seoul, South Korea",IEEE Access,"19 Sep 2023","2023","11","","100195","100206","As wind power is volatile and intermittent, an increase in the proportion of wind power generation may affect the security of power systems. Accurate wind power generation and ramp forecasting are crucial for reducing operating costs and maintaining the power balance. This study proposed an enhanced performance evaluation metric for wind power ramp event forecasting, and analyzed the forecasting results using this metric. Experimental ramp event forecasting was conducted on wind farms located in Jeju, South Korea by employing an indirect forecasting method for wind power output forecasting. Considering the evaluation of forecasting performance, the accuracy (ACC) was observed to be 0.86 for Case #1 and 0.90 for Case #2. The results highlight the advantages of the proposed metric over the widely used confusion matrix for performance evaluation, which has more detailed and visually based analytical capabilities. The simulation demonstrates that the proposed approach is poised to make a noteworthy contribution in the advancement of tool development, enabling real-time curtailment forecasting and facilitating well-informed decision-making in high wind power scenarios.","2169-3536","","10.1109/ACCESS.2023.3313632","National Research Foundation of Korea (NRF); Korean Government through MSIT(grant numbers:2022R1F1A1074397); Korea Electric Power Corporation(grant numbers:R21XO01-1); ","https://ieeexplore.ieee.org/stamp/stamp.jsp?arnumber=10246254","Performance evaluation metric;power system security;ramp event forecasting;wind power","Forecasting;Wind power generation;Predictive models;Logic gates;Measurement;Wind forecasting;Mathematical models;Performance evaluation;Event detection","","9","","30","CCBYNCND","11 Sep 2023","2023","","IEEE","IEEE Journals"
"Exploiting the Inherent Flexibility in Transmission Network for Optimal Scheduling, Wind Power Utilization, and Network Congestion Management","M. Numan; A. Z. Khan; M. Asif; S. M. Malik; K. Imran","Department of Electrical Engineering, National University of Sciences and Technology (NUST), Islamabad, Pakistan; Department of Electrical Engineering, National University of Sciences and Technology (NUST), Islamabad, Pakistan; Department of Electrical Engineering, National University of Sciences and Technology (NUST), Islamabad, Pakistan; Department of Electrical Engineering, National University of Sciences and Technology (NUST), Islamabad, Pakistan; Department of Electrical Engineering, National University of Sciences and Technology (NUST), Islamabad, Pakistan",IEEE Access,"24 Jun 2021","2021","9","","88746","88758","Owing to the economic, social, and political problems in the expansion of transmission infrastructure, novel transmission topologies are in demand to efficiently utilize the existing infrastructure. On the other hand, there is a tremendous increase in wind power generation around the globe. One of the main challenges hindering the penetration of large-scale wind power generation is the network congestion due to limited network capacity. To address these two issues, this study develops a co-optimized optimal transmission switching (OTS) and dynamic line rating (DLR) model to optimize system resources by mitigating network congestion and maximizing wind power accommodation. This new concept of exploiting the inherent flexibility in transmission network is named as flexible transmission dynamic line rating (FTDLR), which deploys OTS in coordination with DLR as a control tool to utilize existing assets. A two-stage stochastic unit commitment framework is used to deploy the proposed FTDLR model, which is used to dynamically increase the line capacity based on the meteorological parameters and at the same time optimally select candidate lines to be switched off from the network. A comprehensive analysis is performed to characterize the FTDLR performance on system operation cost, network congestion, and wind power curtailment. The proposed FTDLR model is further tested as a part of contingency analysis where both generator failure and transmission line outages are considered. Test results performed on the IEEE 24-bus network demonstrate that by using FTDLR, the service operator could substantially reduce system dispatch cost, improve wind power accommodation, and relieve network congestion. The scalability and feasibility of the FTDLR optimization problem is validated on the larger network of the IEEE 118-bus system.","2169-3536","","10.1109/ACCESS.2021.3090089","US-Pakistan Center of Advanced Studies in Energy (USPCAS-E), National University of Science and Technology (NUST), Islamabad, Pakistan; ","https://ieeexplore.ieee.org/stamp/stamp.jsp?arnumber=9458252","Contingency analysis;dynamic line rating;network congestion;optimal transmission switching;renewable energy sources","Wind power generation;Power transmission lines;Switches;Uncertainty;Reliability;Spinning;Security","","32","","60","CCBY","17 Jun 2021","2021","","IEEE","IEEE Journals"
"Research and Practice on the Intelligent Photovoltaic Power Station in Yalong River Basin","P. Zhang; H. Peng; K. Xiong","Yalong River Hydropower Development Company, Co., Ltd., Chengdu, China; Yalong River Hydropower Development Company, Co., Ltd., Chengdu, China; Yalong River Hydropower Development Company, Co., Ltd., Chengdu, China",Journal of Intelligent Construction,"12 Sep 2025","2025","3","3","1","14","With the expansion of the photovoltaic market scale and the complexity of the international geopolitical and economic landscape, an increasing number of countries are prioritizing the development of their indigenous photovoltaic industries to ensure energy security, enhance global industrial competitiveness, and increase domestic employment. This study first reviews the current development status of the photovoltaic industry and the evolutionary history of photovoltaic power stations. Second, in conjunction with the planning of an intelligent photovoltaic power station in the Yalong River Basin in China, this study proposes a conceptual framework, objectives, and overall architecture for the intelligent planning of photovoltaic power stations. Finally, based on practical experiments conducted at the Kela Photovoltaic Power Station with an installed capacity of 1.00 GW, this study introduces intelligent technologies for photovoltaic power stations, such as a digital twin platform and unmanned aerial vehicle (UAV) intelligent inspection. The results indicate that the intelligent construction of photovoltaic power stations enhances overall efficiency, enables unmanned management, maximizes economic benefits, improves the quality of photovoltaic power generation, reduces the curtailment rate of photovoltaic power stations, and increases the overall station revenue. This study provides a reference for the intelligent construction of photovoltaic power stations.","2958-2652","","10.26599/JIC.2025.9180100","","https://ieeexplore.ieee.org/stamp/stamp.jsp?arnumber=11163705","photovoltaic industry;intelligent photovoltaic power station;intelligent planning;Kela Photovoltaic Power Station;Yalong River Basin","Photovoltaic systems;Industries;Inspection;Autonomous aerial vehicles;Planning;Maintenance;Rivers;Security;Power generation;Optimization","","6","","18","","12 Sep 2025","September 2025","","TUP","TUP Journals"
"A Multi-Objective Optimal Configuration Method for Microgrids Considering Zero-Carbon Operation","Z. Fan; Z. Wan; L. Gao; Y. Xiong; G. Song","School of Information Engineering, Nanchang University, Nanchang, China; School of Information Engineering, Nanchang University, Nanchang, China; School of Information Engineering, Nanchang University, Nanchang, China; School of Information Engineering, Nanchang University, Nanchang, China; School of Information Engineering, Nanchang University, Nanchang, China",IEEE Access,"21 Aug 2023","2023","11","","87366","87379","In microgrids, battery energy storage systems can be used in combination with renewable energy sources as a way to mitigate the adverse effects of the mismatch between renewable energy output and load demand on microgrid operation. To address the configuration of renewable energy generation units and battery energy storage systems in zero-carbon microgrids, the paper proposes a multi-objective optimal configuration method from the perspective of microgrid operation. Minimizing the life cycle cost of the system and minimizing the renewable curtailment are taken as objective functions. Based on actual wind and solar power output and load data, the multi-objective problem is solved by the normalized normal constraint method to obtain the configuration results. The validation study of typical days in three seasons is carried out respectively. Through the analysis of the validation results, it can be found that the proposed method can promote the cooperation between generation equipment and battery energy storage system, which makes the microgrid more economical. In addition, the stability of the model for load changes is proved by the sensitivity analysis.","2169-3536","","10.1109/ACCESS.2023.3303926","","https://ieeexplore.ieee.org/stamp/stamp.jsp?arnumber=10214289","Battery energy storage system;capacity configuration;life cycle cost;multi-objective optimization;renewable curtailment;zero-carbon microgrid","Microgrids;Renewable energy sources;Costs;Batteries;State of charge;Investment;Power generation;Energy storage;Battery management systems;Capacity planning","","19","","44","CCBYNCND","10 Aug 2023","2023","","IEEE","IEEE Journals"
"Operational Framework for Large-Scale Power-to-X Plants Fed by Renewable Energies Incorporating BESS and Electrolyzer Degradation","S. Valedsaravi; R. Vegelin; A. Olveira","Worley Consulting, Power and New Energy, Europe, Middle East and Africa (EMEA), New South Wales, Australia; Worley Consulting, Power and New Energy, Europe, Middle East and Africa (EMEA), New South Wales, Australia; Worley Consulting, Power and New Energy, Europe, Middle East and Africa (EMEA), New South Wales, Australia",IEEE Access,"29 Dec 2025","2025","13","","215994","216012","In this study, a large-scale power-to-X (PtX) plant powered by renewable energy (RE) sources for hydrogen (H2) production is modeled with hourly time resolution. The model integrates photovoltaic (PV), wind, and battery energy storage system (BESS) plants to ensure stable and reliable electrolyzer (ELY) operation under variable RE generation conditions. A new degradation model for lithium iron phosphate (LFP) batteries that incorporates both cycling and calendar aging mechanisms is proposed. The model is specifically tailored to high-power industrial BESS containers using real-world data from manufacturers. This model improves the accuracy of BESS lifecycle evaluation over the entire operational period of the project. In addition, an ELY degradation model is incorporated into the PtX operational framework. Sensitivity analysis of RE plant sizing shows that the plants must be oversized to minimize the levelized cost of H2 (LCOH), which can result in a substantial amount of curtailed RE power. The study further examines various BESS operating philosophies and grid connection modes to assess their effects on system performance, component lifecycles, and the LCOH. The results indicate that adopting different BESS operating philosophies can reduce the LCOH by 1.60% and 1.28% in on-grid and off-grid modes, respectively. The findings offer valuable insights and a simulation framework for the techno-economic feasibility, scheduling, operation, and long-term planning of large-scale PtX projects.","2169-3536","","10.1109/ACCESS.2025.3645141","Worley Consulting, Power and New Energy, EMEA; ","https://ieeexplore.ieee.org/stamp/stamp.jsp?arnumber=11301717","Power-to-x (PtX);battery energy storage system (BESS);electrolyzer (ELY);operating philosophy;degradation;levelized cost of H2 (LCOH)","Degradation;Aging;State of charge;Production;Power transformers;Hydrogen;Costs;Philosophical considerations;Inverters;Wind turbines","","3","","57","CCBY","16 Dec 2025","2025","","IEEE","IEEE Journals"
"Day-Ahead and Intraday Economic Optimization Models of the Stackelberg Game Considering Source-Load Uncertainty","N. Li; W. Liu; X. Wan; X. Ren; H. Yu","Shandong Cancer Hospital and Institute, Shandong First Medical University (Shandong Academy of Medical Sciences), Jinan, China; Shandong Cancer Hospital and Institute, Shandong First Medical University (Shandong Academy of Medical Sciences), Jinan, China; State Grid Shandong Qingdao Power Supply Company, Qingdao, China; Shandong Cancer Hospital and Institute, Shandong First Medical University (Shandong Academy of Medical Sciences), Jinan, China; Shandong Cancer Hospital and Institute, Shandong First Medical University (Shandong Academy of Medical Sciences), Jinan, China",IEEE Access,"24 Jan 2025","2025","13","","14344","14357","In order to enhance the demand response rate on the demand side and the wind power accommodation rate on the supply side, as well as to curtail the operational cost effectively, this paper formulates a day-ahead and intraday economic dispatch model predicated on Stackelberg game theory. Within this model, specific attention is given to the influence of source-load uncertainties on energy prices, and the concept of the net load is incorporated during the intraday phase to meticulously calibrate intraday prices. For the purpose of resolving the devised model, an ameliorated lighting attachment procedure optimization algorithm is employed. Via simulation and comparative analysis, the energy pricing strategy proposed herein markedly bolsters the users’ engagement in demand response and the wind power accommodation rate, concomitantly reducing the operational cost. Furthermore, by leveraging the improved Lightning Attachment Procedure Optimization algorithm to address this model, the system cost is decreased by 9.6%, and the iteration speed is increased by 18.75%. This research provides robust support for overcoming the dual conundrums of demand response and wind power accommodation in contemporary energy systems.","2169-3536","","10.1109/ACCESS.2025.3530153","","https://ieeexplore.ieee.org/stamp/stamp.jsp?arnumber=10843199","Uncertainty;multi-time scale;real-time pricing;Stackelberg game;demand response","Costs;Uncertainty;Optimization;Wind power generation;Pricing;Wind turbines;Optimal scheduling;Maintenance;Electricity;Demand response","","4","","33","CCBY","15 Jan 2025","2025","","IEEE","IEEE Journals"
"A Novel CO2-Based Real-Options Methodology to Integrate Uncertainty and Flexibility in Infrastructure Appraisal: An Illustrative Application in Offshore Energy Infrastructure","A. Paravano; A. Neri; G. Brizzante; A. Bosani; E. Cagno; G. Locatelli","Department of Management, Economics, and Industrial Engineering, Politecnico di Milano, Milano, Italy; Department of Management, Economics, and Industrial Engineering, Politecnico di Milano, Milano, Italy; Department of Management, Economics, and Industrial Engineering, Politecnico di Milano, Milano, Italy; Department of Management, Economics, and Industrial Engineering, Politecnico di Milano, Milano, Italy; Department of Management, Economics, and Industrial Engineering, Politecnico di Milano, Milano, Italy; Department of Management, Economics, and Industrial Engineering, Politecnico di Milano, Milano, Italy",IEEE Transactions on Engineering Management,"14 Jul 2026","2026","73","","3881","3895","In infrastructure planning, it is critical to deal with uncertainties. Various methods incorporate uncertainty and design flexibility into infrastructure planning, primarily from an economic perspective, often disregarding the environmental dimension, including greenhouse gas emissions (hereafter, CO2-eq emissions). Methods accounting for CO2-eq emissions, such as life cycle assessment, typically overlook uncertainty and design flexibility. In this study, flexibility is conceptualized as infrastructure flexibility embedded in the design of the infrastructure itself. To address this gap in infrastructure project management, this article introduces a real options analysis (ROA) model to assess infrastructure design options for CO2-eq emissions, providing a decision-support framework to mitigate uncertainty throughout an infrastructure’s lifecycle. Without loss of generality, we tested the model with offshore energy infrastructure, evaluating the option to integrate battery energy storage systems (BESS) to mitigate wind energy curtailment. We adopt discounted CO2-eq emissions as a decision metric, recognizing the environmental impact of flexibility-driven infrastructure planning. The novel ROA model employs Monte Carlo simulations and optimized exercise thresholds to determine when and under what conditions BESS investments yield net carbon benefits. Robustness is assessed through sensitivity analyses across alternative curtailment dynamics, carbon intensity trajectories, and discounting assumptions, confirming the stability of the flexibility exercise threshold. By extending the ROA beyond economic valuation, this study presents a novel infrastructure project management framework that integrates flexibility into strategic decision-making to support infrastructure sustainability, addressing critical challenges in managing uncertainty, optimizing infrastructure investments, and achieving long-term decarbonization objectives.","1558-0040","","10.1109/TEM.2026.3697823","Ministero dell’Università e della Ricerca; Programma Nazionale di Ricerca e Progetti di Rilevante Interesse Nazionale(grant numbers:2022J534JS); ","https://ieeexplore.ieee.org/stamp/stamp.jsp?arnumber=11561058","CO2-eq emissions;energy shortage;energy transition bottleneck;floating offshore wind;megaproject;net zero;risk management","Modeling;Uncertainty;Investment;Design methodology;Energy;Renewable energy sources;Transmission electron microscopy;Wind farms","","","","105","CCBY","12 Jun 2026","2026","","IEEE","IEEE Journals"
"Optimal sizing of isolated electricity-hydrogen offshore oilfield integrated energy system","Y. Du; X. Shen; Y. Wang; B. Zhao; Y. Luo; W. Gao","Shenzhen International Graduate School, Tsinghua University, Shenzhen, 518055, China; Shenzhen International Graduate School, Tsinghua University, Shenzhen, 518055, China; College of Chemical Engineering and Environment, China University of Petroleum-Beijing, Beijing, 102249, China; Shenzhen International Graduate School, Tsinghua University, Shenzhen, 518055, China; Shenzhen International Graduate School, Tsinghua University, Shenzhen, 518055, China; Shenzhen International Graduate School, Tsinghua University, Shenzhen, 518055, China",CSEE Journal of Power and Energy Systems,"","2026","PP","99","1","12","Offshore oilfields face significant challenges in achieving a low-carbon energy supply due to reliance on fossil fuels and the intermittent nature of renewables. This paper proposes an isolated electricity-hydrogen offshore oilfield integrated energy system (EH-OIES) integrating hydrogen storage and hydrogen-natural gas blending to address renewable energy variability and enhance economic viability. The EH-OIES configuration couples electricity, hydrogen, heat, and natural gas flows, featuring electrolyzers with power-to-hydrogen-and-heat modeling, long-term hydrogen storage for cross-seasonal energy shifting, and hydrogen-blended gas turbines/boilers/ with safety constraints. A comprehensive planning model minimizing total cost (including investment, operation, and ladder-type carbon trading costs minus hydrogen sales revenue) is developed under multiple uncertainties. Short-term offshore wind farm output uncertainty is handled via scenario-based stochastic optimization with progressive hedging, while long-term energy/carbon price uncertainty is addressed using information gap decision theory for risk-averse and risk-seeking strategies. Validated on a real Pacific offshore oilfield case, results demonstrate the EH-OIES's economic superiority compared to other OIES configurations. Hydrogen storage and blending prove critical, reducing wind curtailment and providing revenue. Out-of-sample posterior analysis reveals that moderately robust risk-averse planning achieves the lowest long-term expected cost, balancing investment against price volatility.","3066-9308","","10.17775/CSEEJPES.2025.06090","","https://ieeexplore.ieee.org/stamp/stamp.jsp?arnumber=11449507","Offshore oilfield integrated energy system;optimal sizing;electricity-hydrogen coupling;scenario-based stochastic optimization;information gap decision theory","Hydrogen;Costs;Resistance heating;Waste heat;Uncertainty;Planning;Carbon dioxide;Hydrogen storage;Economics;Electricity","","","","","","20 Mar 2026","","","CSEE","CSEE Early Access Articles"
"Grid Integration Challenges and Solution Strategies for Solar PV Systems: A Review","M. Shafiullah; S. D. Ahmed; F. A. Al-Sulaiman","Interdisciplinary Research Center for Renewable Energy and Power Systems, King Fahd University of Petroleum and Minerals, Dhahran, Saudi Arabia; Interdisciplinary Research Center for Renewable Energy and Power Systems, King Fahd University of Petroleum and Minerals, Dhahran, Saudi Arabia; Interdisciplinary Research Center for Renewable Energy and Power Systems, King Fahd University of Petroleum and Minerals, Dhahran, Saudi Arabia",IEEE Access,"19 May 2022","2022","10","","52233","52257","World leaders and scientists have been putting immense efforts into strengthening energy security and reducing greenhouse gas (GHG) emissions by meeting growing energy demand for the last couple of decades. Their efforts accelerate the need for large-scale renewable energy resources (RER) integration into existing electricity grids. The intermittent nature of the dominant RER, e.g., solar photovoltaic (PV) and wind systems, poses operational and technical challenges in their effective integration by hampering network reliability and stability. This article reviews and discusses the challenges reported due to the grid integration of solar PV systems and relevant proposed solutions. Among various technical challenges, it reviews the non-dispatch-ability, power quality, angular and voltage stability, reactive power support, and fault ride-through capability related to solar PV systems grid integration. Also, it addresses relevant socio-economic, environmental, and electricity market challenges. Finally, it highlights the proposed solution methodologies, including grid codes, advanced control strategies, energy storage systems, and renewable energy policies to combat the discussed challenges. The findings of this article assist the power system scholars and researchers in conducting further research in this field. Furthermore, it helps the decision-makers to choose the appropriate technologies to deal with the anticipated challenges associated with the grid integration of PV systems.","2169-3536","","10.1109/ACCESS.2022.3174555","Deanship of Research Oversight and Coordination (DROC) and the Interdisciplinary Research Center for Renewable Energy and Power Systems (IRC-REPS) at King Fahd University of Petroleum & Minerals (KFUPM), Dhahran 31261, Saudi Arabia; ","https://ieeexplore.ieee.org/stamp/stamp.jsp?arnumber=9773105","Control strategies;energy policy;energy storage systems;greenhouse gas emissions;grid code;intermittency;low inertia;overview;renewable energy curtailment;stability;survey","Power system stability;Renewable energy sources;Codes;Predictive models;Power quality;Costs;Energy storage;Government policies;Power grids","","472","","314","CCBY","12 May 2022","2022","","IEEE","IEEE Journals"
"Research on a Novel Wind Power Prediction Method Based on VMD-IMPA-BiLSTM","N. Tan; Z. Zhou; M. Zou","School of Management, Shenyang Jianzhu University, Shenyang, China; Huaneng Liaoning Power Supply Company Ltd., Shenyang, China; Faculty of Business and Economics, Monash University, Melbourne, VIC, Australia",IEEE Access,"30 May 2024","2024","12","","73451","73469","Wind power, as a pivotal technology in the fight against climate change and the advancement of sustainable energy, occupies an essential role in the global shift towards a new energy paradigm. However, the inherent fluctuation and episodic nature of wind power output pose formidable challenges to achieving precise forecasts, thereby impeding the accuracy of traditional forecasting methodologies. To address this, the paper introduces a novel forecasting approach, the VMD-IMPA-BiLSTM method. This method begins by applying the VMD technique to decompose wind power output into several sub-sequences, significantly reducing data non-stationarity and thus mitigating the negative impact of data volatility on forecasting accuracy. The IMPA method, an improvement over the traditional MPA, incorporates a Tent chaotic mapping for population initialization and a priority selection strategy based on average fitness, enhancing the model’s ability to perform global searches and local optimizations. Moreover, the IMPA is leveraged to optimize critical parameters of the BiLSTM, such as maximum training iterations, hidden layer units, and learning rate, thereby curtailing the subjectivity inherent in manual tuning and bolstering the model’s forecasting robustness. A thorough comparative analysis with other models has been conducted to evaluate the performance of the developed VMD-IMPA-BiLSTM forecasting model comprehensively. Simulation results indicate that the proposed method significantly outperforms the benchmark models in terms of prediction accuracy across various application scenarios, showcasing not only exceptional stability in forecasts but also a robust generalization capability across diverse contexts.","2169-3536","","10.1109/ACCESS.2024.3404858","Shenyang Jianzhu University, Huaneng Liaoning Power Supply Company Ltd., and Monash University; ","https://ieeexplore.ieee.org/stamp/stamp.jsp?arnumber=10538120","Wind power prediction;variational modal decomposition;improved marine predator algorithm;bidirectional long and short-term memory neural networks;hyperparameter optimization","Predictive models;Wind power generation;Wind forecasting;Forecasting;Data models;Prediction algorithms;Optimization;Climate change;Long short term memory;Hyperparameter optimization;Bidirectional control","","13","","41","CCBYNCND","23 May 2024","2024","","IEEE","IEEE Journals"
"A Joint Optimization Approach on Monthly Balancing Mechanism and Unit Maintenance Scheduling","Z. Huie; L. Dagui; Y. Shaowu; W. Weiqing; B. Caiqing; Z. Huimin","College of Energy Engineering, Xinjiang Institute of Engineering, Ürümqi, China; Power Dispatching Control Center, State Grid Xinjiang Electric Power Company Ltd., Ürümqi, China; College of Energy Engineering, Xinjiang Institute of Engineering, Ürümqi, China; Engineering Research Center of Education Ministry for Renewable Energy Power Generation and Grid Control, Xinjiang University, Ürümqi, China; Inner Mongolia Extra-High Voltage Power Supply Bureau, Hohhot, China; Inner Mongolia Extra-High Voltage Power Supply Bureau, Hohhot, China",IEEE Access,"10 Apr 2024","2024","12","","49535","49547","In the Chinese electricity market, the deviation between monthly actual electricity demand and generation plans has become particularly prominent amidst deepening power system reform. This study focuses on the uncertainties of wind power and photovoltaic power generation in the medium to long term electricity market. It also examines the impact of maintenance scheduling for conventional generation units on the implementation of medium to long-term generation scheduling plans. The article proposes a model for optimizing the joint generation and maintenance scheduling on a monthly basis. The model is based on deviation handling and employs upward and downward price incentive mechanisms. The aim is to minimize the cost of adjusting the deviation of monthly transaction contract quantities. To deal with the challenges posed by source-load uncertainties, the model utilizes fuzzy chance-constrained programming. The research findings confirm that the proposed model can significantly reduce system operating costs, curtailment of wind power and photovoltaic power, and enhance the market integration of renewable energy. Additionally, it can achieve uniformity in the completion rate of monthly contract quantities for conventional thermal power units, ensuring a balanced power system in terms of economy and security. The study presents an optimization method for executing contract quantities in the electricity market, contributing to improved efficiency in power resource allocation and reduced energy losses. The research enriches the theoretical foundation of power system scheduling and provides practical operational guidelines for power dispatch, making it significant for promoting sustainable development in the power industry and ensuring energy security.","2169-3536","","10.1109/ACCESS.2024.3384479","General Project of the Natural Science Foundation of Xinjiang Uygur Autonomous Region(grant numbers:2023D01A79); ","https://ieeexplore.ieee.org/stamp/stamp.jsp?arnumber=10489967","Fuzzy chance-constrained programming;balancing mechanism;long-term transactions;maintenance scheduling;contract power","Contracts;Electricity;Optimization;Maintenance engineering;Wind power generation;Uncertainty;Stochastic processes;Fuzzy systems;Constraint handling;Scheduling","","3","","39","CCBYNCND","4 Apr 2024","2024","","IEEE","IEEE Journals"
"Optimal Short-Term Charge/Discharge Operation for Electric Vehicles With Volt-Var Control in Day-Ahead Electricity Market","H. Kikusato; R. Ando; J. Hashimoto; K. Otani; N. Kaneko","National Institute of Advanced Industrial Science and Technology, Fukushima, Japan; Department of Advanced Science and Engineering, Waseda University, Tokyo, Japan; National Institute of Advanced Industrial Science and Technology, Fukushima, Japan; National Institute of Advanced Industrial Science and Technology, Fukushima, Japan; Department of Advanced Science and Engineering, Waseda University, Tokyo, Japan",IEEE Open Access Journal of Power and Energy,"27 Aug 2024","2024","11","","410","420","This paper presents a methodology for optimizing the short-term operation of electric vehicle (EV) charging and discharging while considering the potential curtailment of active power due to volt-var control (VVC) prioritizing reactive power output. The proposed approach involves exchanging information between the EV aggregator and the distribution system operator (DSO). This approach allows the EV aggregator to optimize EV charge/discharge schedules while considering voltage-related constraints in the distribution system (DS). Initially, the aggregator shares the optimized schedule with the DSO to estimate the anticipated active power reduction through power flow analysis. Subsequently, the aggregator revises the constraint on active power output to avoid its expected curtailment and performs a second optimization for EV charging and discharging operation. Numerical simulations conducted on a realistic DS model in Japan validate the effectiveness of the proposed method in enhancing profitability in the day-ahead market while ensuring the quality of DS voltage. The results demonstrate an increase in profit by shifting the time of EV charging and discharging based on shared information from the DSO.","2687-7910","","10.1109/OAJPE.2024.3444748","JSPS KAKENHI(grant numbers:JP23K13326); New Energy and Industrial Technology Development Organization (NEDO)(grant numbers:JPNP14004); ","https://ieeexplore.ieee.org/stamp/stamp.jsp?arnumber=10637353","Aggregator;distribution system;electric vehicle;electricity market;optimization;virtual power plant","Voltage control;Reactive power;Optimization;Schedules;Discharges (electric);Forecasting;Inverters;Electric vehicles;Market research;Virtual power plants","","7","","48","CCBY","15 Aug 2024","2024","","IEEE","IEEE Journals"
"Sizing and Siting of Battery Energy Storage Systems: A Colombian Case","A. A. Peña; D. Romero-Quete; C. A. Cortes","Department of Electrical and Electronics Engineering, Universidad Nacional de Colombia, Bogotá, Colombia; Department of Electrical and Electronics Engineering, Universidad Nacional de Colombia, Bogotá, Colombia; Department of Electrical and Electronics Engineering, Universidad Nacional de Colombia, Bogotá, Colombia",Journal of Modern Power Systems and Clean Energy,"16 May 2022","2022","10","3","700","709","This paper presents a mixed-integer linear programming (MILP) formulation for sizing and siting of battery energy storage systems (BESSs). The problem formulation seeks to minimize both operation costs and BESS investment. The proposed model includes restrictions of the conventional security-constrained unit commitment problem, a piece-wise linear approximation to model power losses, and a linear model of hydro generation units. The proposed model is tested in a 6-bus test system and a 15-bus system representing the Colombian power system. For the two studied systems, simulation results show that the reduction of operation costs due to the installation of BESSs compensates the investments, under some of the considered technical cost cases. Additionally, results show that adequate sizing and siting of BESSs reduce renewable energy curtailment in the Colombian power system with high penetration of fluctuating renewable generation.","2196-5420","","10.35833/MPCE.2021.000237","","https://ieeexplore.ieee.org/stamp/stamp.jsp?arnumber=9642712","Battery energy storage;curtailment;sizing and siting;renewable energy","Costs;Renewable energy sources;Power systems;Investment;Reservoirs;Optimization;Mathematical models","","10","","34","","8 Dec 2021","May 2022","","SGEPRI","SGEPRI Journals"
"A multi-time scale tie-line energy and reserve allocation model considering wind power uncertainties for multi-area systems","J. Xu; S. Liao; H. Jiang; D. Zhang; Y. Sun; D. Ke; X. Li; J. Yang; X. Peng; L. Yao","School of Electrical Engineering and Automation, Wuhan University, Wuhan 430072, China; School of Electrical Engineering and Automation, Wuhan University, Wuhan 430072, China; State Grid (Suzhou) City & Energy Research Institute, Suzhou 215000, China; State Grid Zhengzhou Electric Power Supply Company, Zhengzhou 450000, China; School of Electrical Engineering and Automation, Wuhan University, Wuhan 430072, China; School of Electrical Engineering and Automation, Wuhan University, Wuhan 430072, China; School of Electrical Engineering and Automation, Wuhan University, Wuhan 430072, China; School of Electrical Engineering and Automation, Wuhan University, Wuhan 430072, China; School of Electrical Engineering and Automation, Wuhan University, Wuhan 430072, China; School of Electrical Engineering and Automation, Wuhan University, Wuhan 430072, China",CSEE Journal of Power and Energy Systems,"28 Jul 2021","2021","7","4","677","687","Continued expansion of the power grid and the increasing proportion of wind power centralized integration leads to requirements in sharing both energy and reserves among multiple areas under a hierarchical control structure, which successively requires a correction between schedule plans within multi-time scale. In order to address this problem, this paper develops an information integration method integrating complicated relationships among fuel cost, total thermal power output, reserve capacity, owned reserves and expectations of load shedding and wind curtailment, into three types of time-related relationship curves. Furthermore, a multi-time scale tieline energy and reserves allocation model is proposed, which contains two levels in the control structure, two time scales in dispatch sequence and multiple areas integrated within wind farms as scheduling objects. The efficiency of the proposed method is tested in a 9-bus test system and IEEE 118-bus system. The results show that a cross-regional control center is able to approach the optimal scheduling results of the whole system with the integrated uploaded relationship curves. The proposed model not only relieves energy and reserve shortages in partial areas but also allocates them to more urgent need areas in a high effectivity manner in both day-ahead and intraday time scales.","3066-9308","","10.17775/CSEEJPES.2020.00620","","https://ieeexplore.ieee.org/stamp/stamp.jsp?arnumber=9133637","Energy and reserve allocation;hierarchical control structure;multi-area system;multi-time scale economic dispatch;wind power","Wind power generation;Power grids;Wind forecasting;Fuels;Optical wavelength conversion;Resource management;Schedules","","9","","40","","6 Jul 2020","July 2021","","CSEE","CSEE Journals"
"Forecast of Renewable Curtailment in Distribution Grids Considering Uncertainties","E. Memmel; S. Schlüters; R. Völker; F. Schuldt; K. Von Maydell; C. Agert","DLR Institute of Networked Energy Systems, Oldenburg, Germany; DLR Institute of Networked Energy Systems, Oldenburg, Germany; DLR Institute of Networked Energy Systems, Oldenburg, Germany; DLR Institute of Networked Energy Systems, Oldenburg, Germany; DLR Institute of Networked Energy Systems, Oldenburg, Germany; DLR Institute of Networked Energy Systems, Oldenburg, Germany",IEEE Access,"23 Apr 2021","2021","9","","60828","60840","Renewable energies curtailment induced by grid congestions increase due to grown renewable energies integration and the resulting mismatch of grid expansion. Short-term predictions for curtailment can help to increase the efficiency of its management. This paper proposes a novel, holistic approach of a short-term curtailment prediction for distribution grids. The load flow calculations for congestion detection are realized by taking different operational security criteria into account, whereas the models for the node-injections are adjusted to the characteristic of each grid node specifically. The determination of required curtailment based on the resulting congestions considers uncertainties of component loading and its corresponding probability. The forecast model is validated using an actual 110 kV distribution grid located in Germany. In order to meet the requirements of a forecast model designed for operational business, prediction accuracy, and its greatest source of error are analyzed. Furthermore, a suitable length of training data is investigated. Results indicate that a six month time period for maintenance gains the highest accuracy. Curtailment prediction accuracy is better for transmission system operator components than for distribution system operator components, but the Sørensen Dice factor for the aggregated grid shows a high match of historic and predicted curtailment with a value of 0.84 and a low error for curtailed energy, which makes 2.23% of the historic curtailed energy. The model is a promising approach, which can contribute to improvement of curtailment strategies and enable valuable insight into distribution grids.","2169-3536","","10.1109/ACCESS.2021.3073754","Deutscher Wetterdienst for wind speed analysis data of the COSMO-DE model through the research Project ”enera” funded by the Federal Ministry for Economic Affairs and Energy (BMWi)(grant numbers:03SIN317); ","https://ieeexplore.ieee.org/stamp/stamp.jsp?arnumber=9406009","Power system operation;distribution grid;power flow analysis;congestion management;renewable power curtailment;short-term prediction;probabilistic uncertainty quantification","Predictive models;Load modeling;Uncertainty;Context modeling;Brain modeling;Probability density function;Data models","","16","","42","CCBY","16 Apr 2021","2021","","IEEE","IEEE Journals"
"Proactive Resilience-Focused Operation of Power System Against Random and Intelligent Attacks","O. Sadeghian; B. Mohammadi-Ivatloo; M. Abapour; J. Aghaei","Faculty of Electrical and Computer Engineering, University of Tabriz, Tabriz, Iran; School of Energy Systems, LUT University, Lappeenranta, Finland; Faculty of Electrical and Computer Engineering, University of Tabriz, Tabriz, Iran; School of Engineering and Technology, Central Queensland University, Rockhampton, Australia",IEEE Access,"9 Feb 2026","2026","14","","19224","19248","This paper proposes an integrated, resilience-oriented operational framework for power systems to proactively mitigate potential threats targeting transmission infrastructure. The model eliminates the need for sequential line assessments by enabling simultaneous and system-wide evaluation of line vulnerabilities. It jointly minimizes the worst-case load curtailment—stemming from targeted attacks on critical lines—and the expected load loss due to stochastic disruptions across the network. A resilience-informed unit commitment strategy is employed, incorporating spinning reserve allocation to address line criticality and enhance post-contingency service continuity. To ensure computational tractability, the problem is formulated as a mixed-integer linear programming (MILP) model. A multi-objective optimization approach is adopted to balance economic dispatch with resilience enhancement under operational uncertainty. The framework accounts for temporal variations in load demand and renewable generation, capturing their influence on system vulnerability. A multi-period optimization structure is implemented to dynamically allocate reserves across time intervals, thereby improving system adaptability to evolving threat scenarios. The proposed model is validated on the IEEE 39-bus and IEEE 118-bus power systems, demonstrating significant mitigation of both intelligent and random attack impacts.","2169-3536","","10.1109/ACCESS.2026.3658934","","https://ieeexplore.ieee.org/stamp/stamp.jsp?arnumber=11366621","Intelligent physical attacks;power systems;transmission lines;power system resilience;power system security;spinning reserve","Resilience;Generators;Power systems;Spinning;Power transmission lines;Load modeling;Costs;Wind farms;Power system protection;Power system faults","","3","","53","CCBY","28 Jan 2026","2026","","IEEE","IEEE Journals"
"Analysis of IEEE 1547 Voltage–Reactive Power Mode Control Impact on the Energy Generation Curtailment of Grid-Connected Photovoltaic Systems","W. A. M. Issa; L. Galotto Junior; L. M. Tolbert; J. O. P. Pinto","Federal University of Mato Grosso do Sul, Campo Grande, Brazil; Federal University of Mato Grosso do Sul, Campo Grande, Brazil; Min H. Kao Department of Electrical Engineering and Computer Science, The University of Tennessee, Knoxville, TN, USA; Oak Ridge National Laboratory, Oak Ridge, TN, USA",IEEE Open Journal of Industry Applications,"9 Jan 2026","2026","7","","48","64","This work presents an analysis of the reduction in energy generation of grid-connected photovoltaic (PV) systems due to their compliance with the IEEE 1547 voltage–reactive power mode control, also known as volt-var, exposing the linkage of this phenomenon with factors such as the strength of the feeder, loading conditions, and the distributed generation penetration. In this study, two batches of three sequences of full-year simulations were conducted using the open-source software OpenDSS in co-simulation with MATLAB, involving three different feeders with and without tap changers activated over different penetration levels of PVs. In order to adequately simulate the time series of annual solar irradiance, a model of solar transposition and a methodology for the choice of the solar panels' tilt angle were adopted in conjunction with a solar radiation dataset obtained from the National Solar Research Database. One notable finding is that for a given feeder, there is an optimal penetration percentage at which the required relative curtailment is minimized. Below this condition, the loss of generation opportunity is mostly caused by the feeder's own voltage regulation issues (i.e., those that happen without PVs), while above it, loss of generation is mostly caused by reverse power flow. It was observed that weak feeders tend to have higher levels of curtailment under both low and high penetration percentages, while strong feeders may share the same conclusion for low levels only. Seasonal variation of available solar irradiation has a measurable influence on the curtailment. Fixed capacitor banks significantly reduce the generation curtailment due to voltage support compliance from the PV inverters when their penetration level is low, while the expected curtailment for high levels of penetration is much lower than anticipated. Although tap changers are capable of reducing the effort demanded from most of the distributed generation inverters, in some cases, they can also increase the effort from others located in specific regions outside of their effective sections. This study makes three main contributions: 1) it integrates IEEE 1547 compliance, feeder loading/strength, distributed energy resource (DER) penetration, and real irradiance models into a long-term simulation framework; 2) it provides practical insights that can support standard setting, distribution system planning, and inverter programming; and 3) it enables the estimation of hosting capacity based on the maximum curtailment tolerable for consumer-owned DERs, thereby supporting technical and economic investment analyses.","2644-1241","","10.1109/OJIA.2025.3627886","","https://ieeexplore.ieee.org/stamp/stamp.jsp?arnumber=11223786","Distributed energy resources (DERs);energy generation curtailment;IEEE 1547 standard;photovoltaic (PV) systems;volt-var;voltage–reactive power mode","Reactive power;Voltage control;Load flow;Inverters;Distributed power generation;Tap changers;Capacitors;Voltage;Load modeling;Photovoltaic systems","","2","","29","CCBY","31 Oct 2025","2026","","IEEE","IEEE Journals"
"Distributionally Robust Economic Dispatch Using IDM for Integrated Electricity-heat-gas Microgrid Considering Wind Power","Y. Liu; X. Chen; L. Wu; Y. Ye","College of Electrical Engineering, Sichuan University, Chengdu, China; ECE Department, Stevens Institute of Technology, Hoboken, USA; ECE Department, Stevens Institute of Technology, Hoboken, USA; College of Electrical Engineering, Sichuan University, Chengdu, China",CSEE Journal of Power and Energy Systems,"5 Jun 2023","2023","9","3","1182","1192","Multi-energy microgrids, such as integrated electricity-heat-gas microgrids (IEHS-MG), have been widely recognized as one of the most convenient ways to connect wind power (WP). However, the inherent intermittency and uncertainty of WP still render serious power curtailment in the operation. To this end, this paper presents an IEHS-MG model equipped with power-to-gas technology, thermal storage, electricity storage, and an electrical boiler for improving WP utilization efficiency. Moreover, a two-stage distributionally robust economic dispatch model is constructed for the IEHS-MG, with the objective of minimizing total operational costs. The first stage determines the day-ahead decisions including on/off state and set-point decisions. The second stage adjusts the day-ahead decision according to real-time WP realization. Furthermore, WP uncertainty is characterized through an Imprecise Dirichlet model (IDM) based ambiguity set. Finally, Column-and-Constraints Generation method is utilized to solve the model, which provides a day-ahead economic dispatch strategy that immunizes against the worst-case WP distributions. Case studies demonstrate the presented IEHS-MG model outperforms traditional IEHS-MG model in terms of WP utilization and dispatch economics, and that distributionally robust optimization can handle uncertainty effectively.","3066-9308","","10.17775/CSEEJPES.2021.03940","","https://ieeexplore.ieee.org/stamp/stamp.jsp?arnumber=9770492","Data-driven;day-ahead economic dispatch;distributionally robust optimization;imprecise dirichlet model;integrated electricity-heat-gas microgrid;wind power","Costs;Uncertainty;Regulation;Optimization;Microgrids;Resistance heating;Cogeneration","","10","","33","","6 May 2022","May 2023","","CSEE","CSEE Journals"
"Novel Optimal Dispatch Method for Multiple Energy Sources in Regional Integrated Energy Systems Considering Wind Curtailment","Y. Gao; Q. Ai","Key Laboratory of Control of Power Transmission and Conversion, Ministry of Education, Shanghai Jiao Tong University, Shanghai, China; Key Laboratory of Control of Power Transmission and Conversion, Ministry of Education, Shanghai Jiao Tong University, Shanghai, China",CSEE Journal of Power and Energy Systems,"7 Oct 2024","2024","10","5","2166","2173","Power-to-gas technology uses temporary surplus electricity to create either renewable hydrogen or renewable natural gas, which can then be stored in natural-gas pipelines and used when needed. As a result, P2G transforms conventional one-way coupling of a power/heat/natural-gas system into two-way coupling. Furthermore, its operating characteristics makes it possible to more effectively utilize wind-power. This paper describes a new optimal dispatch model for integrated electricity/gas/heat energy systems. The model considers the effective use of surplus wind-energy with electricity-to-gas equipment. First, a multi-energy network model is built, taking into account both equipment and network constraints. Then, we apply a novel two-layer optimization method, which uses P2G, to “absorb” wind power. While the top-layer model is used for the day-ahead dispatch of the natural-gas network containing P2G, the bottom-layer model describes the day-ahead economic dispatch of the electricity/heat system, which includes wind power. Based on the Karush-Kuhn-Tucher conditions of the bottom-layer model, the two-layer model is transformed into a single-layer model, and we linearize the nonlinear equation to convert the nonlinear model into a mix-integer linear programming problem, which is solvable using the General Algebraic Modeling System. Finally, numerical case-studies are performed to evaluate the accuracy and effectiveness of the proposed method.","3066-9308","","10.17775/CSEEJPES.2021.01780","","https://ieeexplore.ieee.org/stamp/stamp.jsp?arnumber=9671041","Multi-enery coupling;power-to-gas;two-layer optimization;wind-power consumption","Mathematical models;Natural gas;Resistance heating;Water heating;Pipelines;Couplings;Costs","","8","","29","","5 Jan 2022","September 2024","","CSEE","CSEE Journals"
"Probabilistic Energy and Reserve Co-Dispatch for High-Renewable Power Systems and Its Convex Reformulation","S. Xu; W. Wu; B. Wang; Y. Yang","Department of Electrical Engineering, State Key Laboratory of Power Systems, Tsinghua University, Beijing, China; Department of Electrical Engineering, State Key Laboratory of Power Systems, Tsinghua University, Beijing, China; Department of Electrical Engineering, State Key Laboratory of Power Systems, Tsinghua University, Beijing, China; Department of Electrical Engineering, State Key Laboratory of Power Systems, Tsinghua University, Beijing, China",Journal of Modern Power Systems and Clean Energy,"22 Nov 2023","2023","11","6","1734","1745","This paper proposes a probabilistic energy and reserve co-dispatch (PERD) model to address the strong uncertainties in high-renewable power systems. The expected costs of potential renewable energy curtailment/load shedding are fully considered in this model, which avoids insufficient or excessive emergency control capacity to produce more economical reserve decisions than conventional chance-constrained dispatch methods. Furthermore, an analytical reformulation approach of PERD is proposed to make it tractable. We firstly develop an approximation technique with high precision to convert the integral terms in objective functions into analytical ones. Then, the calculation of probabilistic constraints is equivalently transformed into an unconstrained optimization problem by introducing value-at-risk (VaR) representation. Specifically, the VaR formulas can be computed by a computationally-cheap dichotomy search algorithm. Finally, the PERD model is transformed into a convex problem, which can be solved reliably and efficiently using off-the-shelf solvers. Case studies are performed on IEEE test systems and real provincial power grids in China to illustrate the scalability and efficiency of the proposed method.","2196-5420","","10.35833/MPCE.2022.000526","State Grid Corporation of China(grant numbers:5100-202199512A-0-5-ZN); ","https://ieeexplore.ieee.org/stamp/stamp.jsp?arnumber=10098684","Renewable energy;energy and reserve dispatch;emergency control;stochastic optimization;analytical approximation","Costs;Renewable energy sources;Power systems;Probabilistic logic;Reactive power;Linear programming;Uncertainty","","6","","30","","10 Apr 2023","November 2023","","SGEPRI","SGEPRI Journals"
"Reducing Overvoltage-Induced PV Curtailment Through Reactive Power Support of Battery and Smart PV Inverters","V. Sharma; M. H. Haque; S. M. Aziz; T. Kauschke","UniSA STEM, University of South Australia, Mawson Lakes, SA, Australia; UniSA STEM, University of South Australia, Mawson Lakes, SA, Australia; UniSA STEM, University of South Australia, Mawson Lakes, SA, Australia; SA Power Networks, Richmond, SA, Australia",IEEE Access,"11 Sep 2024","2024","12","","123995","124008","Most rooftop solar photovoltaic systems in Australia export excess power to the grid after meeting local demand, leading to overvoltage issues in distribution feeders. Australian standard AS/NZS 4777.2.2020 mandates grid-connected PV inverters to utilise real and reactive power quality response modes to mitigate these issues. These response modes result in the injection or absorption of reactive power and curtailment of active power when voltage exceeds prespecified thresholds. If the voltage exceeds a maximum permissible limit, the PV inverter shutdown to ensure safe operation. This paper proposes a method to reduce active power curtailment and inverter shutdown by utilizing reactive power support from local battery inverters, if available. The battery inverter provides reactive power support to mitigate overvoltage without affecting its active power flow. If the reactive power of the battery inverter is insufficient, the PV inverter response modes are activated. This technique reduces reliance on PV inverters and thus minimizes active power curtailment. The proposed method is tested on an 11-kV distribution feeder in South Australia. Simulation results indicate that by combining the support of battery inverter and PV inverter, overvoltage, active power curtailment, and the associated financial loss can be eliminated for the studied feeder. The impact of selecting the feeder source bus voltage on overvoltage issues is also investigated, and it is found that selecting lower source bus voltages during high solar radiation periods can eliminate overvoltage problems.","2169-3536","","10.1109/ACCESS.2024.3454313","Australian Government for awarding Research Training Program (RTP) Scholarship; University of South Australia (UniSA); ","https://ieeexplore.ieee.org/stamp/stamp.jsp?arnumber=10664453","Battery energy storage system;distribution network;overvoltage;photovoltaic systems;PV curtailment;reactive power;smart PV inverter","Inverters;Voltage control;Reactive power;Batteries;Australia;Costs;Planning;Battery energy storage system;Power distribution networks;Photovoltaic systems","","19","","42","CCBYNCND","4 Sep 2024","2024","","IEEE","IEEE Journals"
"The Effects of Summer-Only River Energy on Microgrid-Size Battery Energy Storage at High Latitudes","B. W. Bond; L. O. Woodhouse; P. X. Duvoy; N. J. Green; B. H. Loeffler","Alaska Center for Energy and Power, University of Alaska Fairbanks (UAF), Fairbanks, AK, USA; Alaska Center for Energy and Power, University of Alaska Fairbanks (UAF), Fairbanks, AK, USA; Alaska Center for Energy and Power, University of Alaska Fairbanks (UAF), Fairbanks, AK, USA; Alaska Center for Energy and Power, University of Alaska Fairbanks (UAF), Fairbanks, AK, USA; Alaska Center for Energy and Power, University of Alaska Fairbanks (UAF), Fairbanks, AK, USA",IEEE Open Access Journal of Power and Energy,"13 May 2026","2026","13","","357","366","Riverine hydrokinetics (RHK) represent an emerging technology in the renewable energy space with commercially-deployable systems on the horizon. In Alaska, many rural and remote communities exist on major rivers and are burdened by high costs of electricity and imported fuel, making them a promising end-user of these systems. However, it remains an open question as to how the addition of RHK will affect grid performance and electricity costs. Specifically, this study looks at the effects of integrating riverine hydrokinetics on a hybrid diesel microgrid with solar and battery infrastructure. Using real electrical load data and riverbed transects, estimated RHK costs, and modeled solar photovoltaic and river energy resources, a HOMER model was used to analyze the effects on battery degradation, and then expanded to look at fuel usage and levelized cost of energy. The addition of summer-only hydrokinetics was shown to have negligible impacts on battery performance and no impact on battery lifetime. Fuel savings were proportional to RHK size at lower penetrations, but diminished at higher penetrations due to significant curtailment. The estimated capital and operational costs of the RHK predicted an increase in LCOE for all scenarios, ranging from 16% to 39% with increasing system size.","2687-7910","","10.1109/OAJPE.2026.3691248","U.S. Department of Energy’s Office of Energy Efficiency and Renewable Energy (EERE) through the Water Power Technologies Office (WPTO)(grant numbers:DE-EE0009445.0000); ","https://ieeexplore.ieee.org/stamp/stamp.jsp?arnumber=11511747","Microgrids;river hydrokinetic energy;energy storage;battery degradation","Modeling;Batteries;Energy;Costing;Costs;Renewable energy sources;Loading;kWh;Levelized cost of energy;Degradation","","","","46","CCBY","7 May 2026","2026","","IEEE","IEEE Journals"
"Multi-Objective Optimization for Optimal Allocation and Coordination of Wind and Solar DGs, BESSs and Capacitors in Presence of Demand Response","H. A. Taha; M. H. Alham; H. K. M. Youssef","Faculty of Engineering, Cairo University, Giza, Egypt; Faculty of Engineering, Cairo University, Giza, Egypt; Faculty of Engineering, Cairo University, Giza, Egypt",IEEE Access,"14 Feb 2022","2022","10","","16225","16241","The renewable energy sources (RES) based distributed generations (DGs) have been proven to be of great technical and economic benefits if optimally allocated in distribution networks. Their proper deployment is usually made in conjunction with demand response (DR) programs and renewables curtailment to match the demand load with the available generated power. Battery energy storage systems (BESSs) and capacitor banks (CBs) are two other tools that can compensate for the shortcomings of the RES. BESSs could complement the renewables generation intermittency and improve the reliability of the system while CBs could indemnify the limited reactive power support of the RES and improve the power quality of the system. Thus, the simultaneous integration of RES-based DGs, DR, BESSs, CBs, and curtailment could have great benefits if optimally planned and coordinated. In this paper, a multi-objective optimization planning model is formulated to determine the optimal locations and capacities of different RES-based DGs, BESSs, and CBs in presence of DR and renewables curtailment to maximize the economic index and the average voltage stability factor, and to minimize the average power losses in distribution networks. The modelling of RES-generated power is considered. The proposed model is implemented and tested on standard IEEE 33-bus radial distribution system, the model is formulated and solved in GAMS environment. Different renewable configurations and test cases are investigated. The obtained results validate the effectiveness of the simultaneous integration of the used tools in optimizing the techno-economic benefits.","2169-3536","","10.1109/ACCESS.2022.3149135","","https://ieeexplore.ieee.org/stamp/stamp.jsp?arnumber=9703356","Multi-objective optimization;renewable energy sources;battery energy storage systems;battery degradation;capacitor banks;demand response;economic index;losses;voltage stability factor;wind;solar;distributed generations","Costs;Renewable energy sources;Capacitors;Wind power generation;Resource management;Reactive power;Voltage","","84","","42","CCBY","4 Feb 2022","2022","","IEEE","IEEE Journals"
"Coordinated sending-receiving dispatch in interconnected power systems: A two-area optimization framework with fine-grained DC transmission modeling","S. Xia; Y. Wang; Y. Wang; T. Wu","School of Electrical and Electronic Engineering, State Key Laboratory of Alternate Electrical Power System with Renewable Energy Sources, North China Electric Power University, Changping District, Beijing, 102206 China; School of Electrical and Electronic Engineering, State Key Laboratory of Alternate Electrical Power System with Renewable Energy Sources, North China Electric Power University, Changping District, Beijing, 102206 China; School of Electrical and Electronic Engineering, State Key Laboratory of Alternate Electrical Power System with Renewable Energy Sources, North China Electric Power University, Changping District, Beijing, 102206 China; School of Robotics and Advanced Manufacture, Harbin Institute of Technology, Shenzhen 518055 China",CSEE Journal of Power and Energy Systems,"","2026","PP","99","1","12","Cross-regional power systems with high renewable energy penetration face significant challenges due to temporal and spatial mismatches between generation and consumption patterns. These mismatches lead to renewable energy curtailment and increased operational costs, particularly when transmission scheduling lacks coordination between sending and receiving regions. To address these challenges, this paper proposes a coordinated unit commitment model that explicitly considers sending-receiving interaction characteristics at both regional ends. The proposed approach integrates two principal innovations. First, two coordination indices that quantify timing and fluctuation mismatches between renewable output and load demand; these indices are incorporated as penalty terms in the objective function, thereby steering the optimization toward better supply-demand alignment. Second, a novel transmission modeling approach that represents the power curve as a multi-level adjustable structure through equivalent virtual generators, enabling flexible stepwise scheduling while respecting operational constraints such as maximum adjustment times and reverse-flow prohibitions. Case studies based on real-world data demonstrate that, compared with conventional fixed or linear transmission strategies, the proposed method significantly enhances renewable energy accommodation and reduces overall dispatch cost. The results confirm the effectiveness and practicality of the proposed approach in improving flexibility and coordination in inter-regional power system operations under high renewable penetration.","3066-9308","","10.17775/CSEEJPES.2025.03890","","https://ieeexplore.ieee.org/stamp/stamp.jsp?arnumber=11449511","Economic dispatch;renewable energy integration;sending-receiving coordination indices;DC transmission scheduling;unit commitment","Costs;Load modeling;Renewable energy sources;Fluctuations;Power systems;Optimization;Economics;Generators;Thermal loading;Photovoltaic systems","","","","","","20 Mar 2026","","","CSEE","CSEE Early Access Articles"
"Optimal Operation of an Integrated Electricity-heat Energy System Considering Flexible Resources Dispatch for Renewable Integration","W. Wang; S. Huang; G. Zhang; J. Liu; Z. Chen","State Key Laboratory of Alternate Electrical Power System with Renewable Energy Sources, North China Electric Power University, Beijing, China; School of Control and Computer Engineering, North China Electric Power University, Beijing, China; School of Control and Computer Engineering, North China Electric Power University, Beijing, China; State Key Laboratory of Alternate Electrical Power System with Renewable Energy Sources, North China Electric Power University, Beijing, China; Department of Energy Technology, Aalborg University, Aalborg, Denmark",Journal of Modern Power Systems and Clean Energy,"30 Jul 2021","2021","9","4","699","710","Large fluctuations may occur on the energy supply and the load sides when large-scale renewable energies are integrated, leading to great challenges in power systems. The renewable power curtailment is especially numerous in the integrated electricity-heat energy system (IEHES) on account of electricity-heat coupling. The flexible resources (FRs) on both the energy supply and load sides are introduced into the optimal dispatch of the IEHES and further modeled to alleviate the renewable fluctuations in this paper. On the energy supply side, three kinds of FRs based on electricity-heat coordination are modeled and discussed. On the load side, the shiftable electricity demand resource is characterized. On this basis, the solution for FRs participating in IEHES dispatch is given, with goals of maximizing the renewable penetration ratio and lowering operation costs. Two scenarios are performed, and the results indicate that the proposed optimal dispatch strategy can effectively reduce the renewable energy curtailment and improve the flexibility of the IEHES. The contribution degrees of different FRs for renewable integration are also explored.","2196-5420","","10.35833/MPCE.2020.000917","National Natural Science Foundation of China(grant numbers:52076073); ","https://ieeexplore.ieee.org/stamp/stamp.jsp?arnumber=9502595","Integrated electricity-heat energy system (IE-HES);renewable penetration;flexible resource (FR);electricity-heat coordination;shiftable demand load","Photovoltaic systems;Couplings;Renewable energy sources;Fluctuations;Power supplies;Wind power generation;Optimization","","51","","39","","30 Jul 2021","July 2021","","SGEPRI","SGEPRI Journals"
"Coupon-Based Demand Response for Consumers Facing Flat-Rate Retail Pricing","H. Hui; Y. Ding; K. Luan; T. Chen; Y. Song; S. Rahman","Department of Electrical and Computer Engineering, State Key Laboratory of Internet of Things for Smart City, University of Macau, Macau, China; College of Electrical Engineering, Zhejiang University, Hangzhou, China; State Grid Jiangsu Electric Power Co., LTD., Nanjing, China; School of Electrical Engineering, Southeast University, Nanjing, China; Department of Electrical and Computer Engineering, State Key Laboratory of Internet of Things for Smart City, University of Macau, Macau, China; Department of Electrical and Computer Engineering, Advanced Research Institute, Virginia Polytechnic Institute and State University, VA, USA",CSEE Journal of Power and Energy Systems,"7 Oct 2024","2024","10","5","1887","1900","Even though smart meters have been widely used in power systems around the world, many consumers are still finding it hard to participate in demand response (DR) due to flat-rate retail pricing policy. To address this issue, this paper proposes a coupon-based demand response (CDR) scheme to achieve equivalent dynamic retail prices to inspire consumers' inherent elasticity. First, a security-constrained unit commitment optimization model is developed in the day-ahead market to obtain coupon rewards, which are then broadcast to consumers to motivate them to reschedule their power consumption behaviors. To evaluate the adjustment value of consumers' power consumption, a collective utility function is proposed to formulate the relationship between power quantity and coupon rewards. On this basis, the security-constrained economic dispatch model is developed in the intra-day market to reschedule generating units' output power according to real-time load demands and fluctuating renewable energies. After the operation interval, a settlement method is developed to quantify consumers' electricity fees and coupon benefits on a monthly basis. The proposed CDR scheme avoids real-time iterative bidding process and effectively decreases the difficulty of massive, small consumers participating in DR. The proposed CDR is implemented in a realistic DR project in China to verify consumers' energy cost and renewables' curtailment can both be decreased.","3066-9308","","10.17775/CSEEJPES.2021.05140","National Science Foundation(grant numbers:52125702); ","https://ieeexplore.ieee.org/stamp/stamp.jsp?arnumber=10106189","Coupons;demand response;flat-rate retail pricing;renewable energies;small consumers","Pricing;Costs;Generators;Real-time systems;Demand response;Renewable energy sources;Regulation","","10","","50","","20 Apr 2023","September 2024","","CSEE","CSEE Journals"
"A Multi-Time Scale Scheduling Strategy for Virtual Power Plants Considering Source-Load Uncertainty and Demand Response","T. Ma; R. Fu; T. Li; Z. Liu; Z. Wang; K. Zhou","School of Mechanical and Electrical Engineering, Beijing Institute of Graphic Communication, Beijing, China; School of Mechanical and Electrical Engineering, Beijing Institute of Graphic Communication, Beijing, China; School of Mechanical and Electrical Engineering, Beijing Institute of Graphic Communication, Beijing, China; School of Mechanical and Electrical Engineering, Beijing Institute of Graphic Communication, Beijing, China; School of Mechanical and Electrical Engineering, Beijing Institute of Graphic Communication, Beijing, China; School of Mechanical and Electrical Engineering, Beijing Institute of Graphic Communication, Beijing, China",IEEE Access,"15 Dec 2025","2025","13","","207873","207892","To address the integration and consumption challenges posed by large-scale renewable energy, this paper proposes a low-carbon optimal dispatch strategy for virtual power plants (VPP) that incorporates source-load uncertainties and a tiered carbon trading mechanism. On the generation side, a two-stage Power-to-Gas (P2G) process is refined and integrated with a Carbon Capture System (CCS), forming a coupled P2G-CCS VPP structure. A tiered carbon trading model is established to constrain carbon emissions and enhance wind power coordination. On the load side, demand response resources with varying response speeds—both price-based and incentive-based—are coordinated to improve system flexibility across multiple time scales and compensate for the limited regulation capability of carbon capture units. A two-stage day-ahead and intra-day low-carbon economic dispatch model is then constructed to optimize load and spinning reserve allocation, mitigating wind curtailment and load shedding. Based on this framework, a two-stage low-carbon economic dispatch model is formulated and linearized to optimize the allocation of load and spinning reserves. Simulation results demonstrate that the proposed strategy significantly enhances system performance: the wind curtailment rate decreases from about 20% to 7%, carbon emissions are reduced by approximately 15%, and the total operating cost is lowered by 15–16%. Furthermore, a sensitivity analysis of tiered carbon-trading parameters is carried out, offering decision-making insights for low-carbon dispatch in scenarios with high renewable energy penetration.","2169-3536","","10.1109/ACCESS.2025.3641586","Beijing Institute of Printing Youth Excellence Program(grant numbers:Ea202405); National Natural Science Foundation of China(grant numbers:62403065); ","https://ieeexplore.ieee.org/stamp/stamp.jsp?arnumber=11284829","Virtual power plant;carbon capture;carbon trading mechanism;demand response;low-carbon dispatch","Uncertainty;Carbon dioxide;Carbon capture and storage;Demand response;Emissions trading;Costs;Wind power generation;Liquids;Renewable energy sources;Optimization","","3","","47","CCBYNCND","8 Dec 2025","2025","","IEEE","IEEE Journals"
"Short-term Transmission Maintenance Scheduling Considering Network Topology Optimization","W. Zhang; B. Hu; K. Xie; C. Shao; T. Niu; J. Yan; L. Peng; M. Cao; Y. Sun","State Key Laboratory of Power Transmission Equipment & System Security and New Technology at Chongqing University, Chongqing, China; State Key Laboratory of Power Transmission Equipment & System Security and New Technology at Chongqing University, Chongqing, China; State Key Laboratory of Power Transmission Equipment & System Security and New Technology at Chongqing University, Chongqing, China; State Key Laboratory of Power Transmission Equipment & System Security and New Technology at Chongqing University, Chongqing, China; State Key Laboratory of Power Transmission Equipment & System Security and New Technology at Chongqing University, Chongqing, China; State Key Laboratory of Power Transmission Equipment & System Security and New Technology at Chongqing University, Chongqing, China; State Key Laboratory of Power Transmission Equipment & System Security and New Technology at Chongqing University, Chongqing, China; State Key Laboratory of Power Transmission Equipment & System Security and New Technology at Chongqing University, Chongqing, China; State Key Laboratory of Power Transmission Equipment & System Security and New Technology at Chongqing University, Chongqing, China",Journal of Modern Power Systems and Clean Energy,"19 Jul 2022","2022","10","4","883","893","With the increasing penetration of renewable energy sources, transmission maintenance scheduling (TMS) will have a larger impact on the accommodation of wind power. Meanwhile, the more flexible transmission network topology owing to the network topology optimization (NTO) technique can ensure the secure and economic operation of power systems. This paper proposes a TMS model considering NTO to decrease the wind curtailment without adding control devices. The problem is formulated as a two-stage stochastic mixed-integer programming model. The first stage arranges the maintenance periods of transmission lines. The second stage optimizes the transmission network topology to minimize the maintenance cost and system operation in different wind speed scenarios. The proposed model cannot be solved efficiently with off-the-shelf solvers due to the binary variables in both stages. Therefore, the progressive hedging algorithm is applied. The results on the modified IEEE RTS-79 system show that the proposed method can reduce the negative impact of transmission maintenance on wind accommodation by 65.49%, which proves its effectiveness.","2196-5420","","10.35833/MPCE.2020.000937","","https://ieeexplore.ieee.org/stamp/stamp.jsp?arnumber=9485110","Mixed-integer linear programming;network topology optimization;progressive hedging algorithm;stochastic optimization;transmission maintenance scheduling;wind curtailment","Lead","","16","","36","","14 Jul 2021","July 2022","","SGEPRI","SGEPRI Journals"
"The Fusion to Hydrogen Option in a Carbon Free Energy System","U. Giuliani; M. Agostini; C. Bustreo; G. Zollino","Consorzio RFX (CNR, ENEA, INFN, University of Padua, Acciaierie Venete SpA), Padua, Italy; Consorzio RFX (CNR, ENEA, INFN, University of Padua, Acciaierie Venete SpA), Padua, Italy; Consorzio RFX (CNR, ENEA, INFN, University of Padua, Acciaierie Venete SpA), Padua, Italy; Department of Industrial Engineering, University of Padua, Padua, Italy",IEEE Access,"28 Nov 2023","2023","11","","131178","131190","To address climate change and keep the global temperature increase within 1.5 °C above pre-industrial levels in the long term, ambitious climate policies are required. Decarbonizing all sectors of the economy requires a shift towards electrification. As a consequence, in order to generate a high amount of carbon free electricity, the share of electricity generated by solar and wind power will considerably increase in the years to come. However, the inherent intermittency and variability of both solar and wind power require actions in order to increase the resilience and the flexibility of the power systems and assure the security of supply. To this scope, dispatchable capacity and energy storage systems acting on both short and long terms, will play a pivotal role. The paper discusses various scenarios developed with the COMESE code to investigate the affordability and viability of future possible carbon-free Italian power system configurations, based on both existing and under development energy technologies. The 100% renewable generation option is compared to “nuclear scenarios” where a relevant base-load generation is provided by nuclear fusion power plants. Also, besides the conventional storage systems based on electrochemical devices and pumped hydroelectricity, the deployment of long term storage systems based on hydrogen production, storage and utilization (power-to-hydrogen-to-power, P2H2P) is also investigated. Specifically, excess generation from renewables is used to power electrolysers for hydrogen production. The affordability of this option is evaluated in contrast to the “fusion to hydrogen” strategy, where a continuous hydrogen production for long term storage is provided by fusion electricity. The study proves that the average system cost of electricity for any least-cost 100% renewable power system configuration exceeds that of the corresponding alternative scenario with base-load generation from nuclear power plants. If available, P2H2P works along with batteries as short/medium term storage with benefits on the total system costs, that slightly lowers. Neither converting the whole excess energy into hydrogen in order to avoid curtailment nor operating fusion power plants for a continuous hydrogen production are cost-effective strategies. Indeed, the high costs of the large tank system required for storing hydrogen and the low overall efficiency of the P2H2P process are the primary challenge.","2169-3536","","10.1109/ACCESS.2023.3332917","","https://ieeexplore.ieee.org/stamp/stamp.jsp?arnumber=10321704","Power system model;energy scenarios;nuclear fusion;system cost of electricity;hydrogen;P2H2P;renewable integration","Hydrogen;Costs;Power systems;Renewable energy sources;Power generation;Production;Generators;Climate change;Electricity supply industry;Power system dynamics","","7","","51","CCBY","17 Nov 2023","2023","","IEEE","IEEE Journals"
"Real-Time Risk-Averse Dispatch of an Integrated Electricity and Natural Gas System via Conditional Value-at-Risk-Based Lookup-Table Approximate Dynamic Programming","J. Zhu; G. Li; Y. Guo; J. Chen; H. Liu; Y. Luo; W. Liu","School of Electric Power Engineering, South China University of Technology, Guangzhou, China; NA; NA; NA; NA; NA; NA",Protection and Control of Modern Power Systems,"7 Mar 2024","2024","9","2","47","60","The real-time risk-averse dispatch problem of an integrated electricity and natural gas system (IEGS) is studied in this paper. It is formulated as a real-time conditional value-at-risk (CVaR)-based risk-averse dispatch model in the Markov decision process framework. Because of its stochasticity, nonconvexity and nonlinearity, the model is difficult to analyze by traditional algorithms in an acceptable time. To address this non-deterministic polynomial-hard problem, a CVaR-based lookup-table approximate dynamic programming (CVaR-ADP) algorithm is proposed, and the risk-averse dispatch problem is decoupled into a series of tractable subproblems. The line pack is used as the state variable to describe the impact of one period's decision on the future. This facilitates the reduction of load shedding and wind power curtailment. Through the proposed method, real-time decisions can be made according to the current information, while the value functions can be used to overview the whole optimization horizon to balance the current cost and future risk loss. Numerical simulations indicate that the proposed method can effectively measure and control the risk costs in extreme scenarios. Moreover, the decisions can be made within 10 s, which meets the requirement of the real-time dispatch of an IEGS.","2367-0983","","10.23919/PCMP.2023.000247","","https://ieeexplore.ieee.org/stamp/stamp.jsp?arnumber=10462555","Integrated electricity and natural gas system;approximate dynamic programming;real-time dispatch;risk-averse;conditional value-at-risk","Costs;Uncertainty;Heuristic algorithms;Electricity;Power system dynamics;Wind power generation;Approximation algorithms","","18","","46","","7 Mar 2024","March 2024","","PSPC","PSPC Journals"
"A Novel Electric Vehicle Charging Management With Dynamic Active Power Curtailment Framework for PV-Rich Prosumers","A. Demirci; S. Mirza Tercan; E. E. E. Ahmed; U. Cali; I. Nakir","Department of Electrical Engineering, Yildiz Technical University, Istanbul, Türkiye; Department of Electrical Engineering, Yildiz Technical University, Istanbul, Türkiye; Department of Electrical and Electronics Engineering, Ozyegin University, Istanbul, Türkiye; Department of Electric Power Engineering, Norwegian University of Science and Technology, Trondheim, Norway; Department of Electrical Engineering, Yildiz Technical University, Istanbul, Türkiye",IEEE Access,"5 Sep 2024","2024","12","","120239","120249","Prosumer communities are integrating renewable energy sources to reduce energy costs and carbon emissions for sustainable and clean energy awareness. However, increasing solar photovoltaic penetration in low-voltage distribution networks leads to serious power quality challenges, such as overvoltage for grid operators and prosumers. Integrating electric vehicles (EVs) as deferable loads can reduce prosumer costs and maximize environmental benefits as EV charging is managed. Therefore, this paper proposes a novel EV charging management that maximizes prosumer communities’ power quality and benefits PV-rich prosumers by applying a dynamic active power curtailment framework. The methodology calculates each prosumer’s maximum power injection into the grid based on their voltage sensitivities. The performance of the developed charging management is examined on the European 906 bus low-voltage distribution networks under unmanaged, managed, and vehicle-to-grid (V2G)-empowered scenarios. The prosumers’ individual and aggregated economic cost-benefit results are analyzed considering increasing EV penetration. The results show that the proposed method considering fair active power curtailment could increase self-consumption and renewable fraction for prosumers. It is observed that increasing EV penetration could reduce the curtailed energy by 14.6%. The V2G-empowered method also increased up to 20% more renewable energy for charging EVs, improved self-consumption and renewable fraction up to 11% and 19.4%. Moreover, the V2G option reduced total costs by up to 37.93%. This work can potentially promote renewable energy sources by modifying consumers’ charging behaviors to be more sustainable and environmentally friendly.","2169-3536","","10.1109/ACCESS.2024.3450799","","https://ieeexplore.ieee.org/stamp/stamp.jsp?arnumber=10649555","Active power curtailment;vehicle charging management;self-consumption;over-voltage mitigation;sensitivity matrix","Renewable energy sources;Electric vehicle charging;Vehicle-to-grid;Voltage control;Costs;Transformers;Inverters;Sensitivity analysis","","15","","45","CCBYNCND","27 Aug 2024","2024","","IEEE","IEEE Journals"
"Optimal Decomposition of Stochastic Dispatch Schedule for Renewable Energy Cluster","Y. Yang; W. Wu; B. Wang; M. Li; T. Zhu","Department of Electrical Engineering, State Key Laboratory of Power Systems, Tsinghua University, Beijing, China; Department of Electrical Engineering, State Key Laboratory of Power Systems, Tsinghua University, Beijing, China; Department of Electrical Engineering, State Key Laboratory of Power Systems, Tsinghua University, Beijing, China; National Electric Power Control Center of State Grid Corporation of China, Beijing, China; Kunming Electric Power Supply Company of Yunnan Power Grid Corporation, Kunming, China",Journal of Modern Power Systems and Clean Energy,"30 Jul 2021","2021","9","4","711","719","The correlated renewable energy farms are usually aggregated as a cluster in economic dispatch to relieve computational burden. This strategy can also achieve better performance since the precision of predicting the power generation of a cluster can be higher than those of individual farms. This paper proposes an optimal decomposition method to allocatedispatch schedules among renewable energy farms (REFs) in the cluster under existing stochastic optimization framework. The proposed model takes advantage of probabilistic characteristics of renewable generation to minimize the curtailment and ensure the feasibility of dispatch schedule of the clusters. Approximated tractable formulation and efficient solution method are the proposed to solve the proposed model. Numerical tests show that the proposed method achieves the optimal decomposition of dispatch schedule among REFs and facilitates the utilization of renewable generation.","2196-5420","","10.35833/MPCE.2020.000620","","https://ieeexplore.ieee.org/stamp/stamp.jsp?arnumber=9447771","Renewable energy;stochastic optimization;economic dispatch;decomposition of dispatch schedule","Xenon;Schedules;Renewable energy sources;Optimization;Stochastic processes;Economics","","11","","22","","7 Jun 2021","July 2021","","SGEPRI","SGEPRI Journals"
"Moving Regression Filtering With Battery State of Charge Feedback Control for Solar PV Firming and Ramp Rate Curtailment","M. A. Syed; M. Khalid","Electrical Engineering Department, King Fahd University of Petroleum & Minerals, Dhahran, Saudi Arabia; Electrical Engineering Department, King Fahd University of Petroleum & Minerals, Dhahran, Saudi Arabia",IEEE Access,"22 Jan 2021","2021","9","","13198","13211","The surge in energy demand needs to be met with environmentally pleasant resources to reduce the production of greenhouse gases. Solar Photovoltaic (PV) power is a widespread choice as it is accessible in plenty and is comparatively inexpensive. However, the large-scale penetration of intermittent PV power causes multiple variabilities in the grid such as frequency issues and voltage deviations. To counteract these instabilities, Battery Energy Storage System (BESS) is integrated into the grid as it reduces the PV fluctuations and promotes optimal operation. Nevertheless, storage systems are expensive, and thus smoothing filters are coupled with the BESS for cost reduction and power smoothing. Formerly, traditional filters such as Low Pass Filters (LPF), Moving Average (MA), and Moving Median (MM) filters have been proposed for power smoothing. However, these filters have inadequate power tracking capabilities particularly with longer window sizes (W.S) and time constants, which subsequently depreciates the storage system performance. To compensate for the delayed power tracking, larger energy storage systems are required which in turn adds to the overall operational costs. This paper proposes the Moving Regression (MR) filter combined with state of charge (SoC) feedback control for solar PV variability reduction, reduced time delay, decreased battery charging/discharging power, and ramp rate. Simulation results attest that the MR filter achieves better solar power smoothing without increasing the BESS capacity. Also, the performance of the MR filter is less affected with the increase in window sizes. Additionally, the execution of the introduced smoothing filter was found to be superior when assessed against the LPF, MA, MM, Savitsky-Golay (SG), and the Gaussian filter. In comparison to the SG (W.S = 53), the MR (W.S = 45) filter reduces the battery charging/discharging power by approximately 30.48% and as opposed to the LPF (T.C = 48), the peak SoC is reduced by 19.1%.","2169-3536","","10.1109/ACCESS.2021.3052142","Deanship of Scientific Research (DSR) with the King Fahd University of Petroleum & Minerals(grant numbers:USRG1902); ","https://ieeexplore.ieee.org/stamp/stamp.jsp?arnumber=9326334","Battery energy storage system;low pass filter;machine learning;moving average filter;moving regression filter;renewable energy;solar power smoothing","Batteries;Power smoothing;Wind power generation;Wind turbines;Energy storage;Voltage control;Optimization","","41","","59","CCBY","18 Jan 2021","2021","","IEEE","IEEE Journals"
"Optimal Sizing of PV-Diesel-Battery System Using Different Inverter Types","E. M. Ocampo; W. -C. Chang; C. -C. Kuo","Department of Electrical Engineering, National Taiwan University of Science and Technology, Taipei, Taiwan; Department of Electrical Engineering, National Taiwan University of Science and Technology, Taipei, Taiwan; Department of Electrical Engineering, National Taiwan University of Science and Technology, Taipei, Taiwan",IEEE Access,"4 Oct 2021","2021","9","","133561","133573","Different inverters types have different technical specifications and costs which contribute to the changes of inverter type decisions. It is therefore important to know which inverter is more advantageous for certain criteria. In this paper, the central, string, multi-string, and AC module types of inverters were compared through optimally designing a DG-PV and DG-PV-battery system of an off-grid island using each type of inverter. The problem was solved as a multi-objective optimization considering cost and uncertainty. The results were compared in terms of cost, reliability, renewable energy penetration, renewable energy curtailment, and changes in battery cost. The optimization results showed that the string inverter is best in terms of cost and highly affected by the decrease of the battery cost, the AC module in terms of reliability and curtailment, and the multi-string for renewable energy penetration. Meanwhile, the central inverter can be the choice when a balance between cost and reliability is considered.","2169-3536","","10.1109/ACCESS.2021.3114763","Ministry of Science and Technology of the Republic of China(grant numbers:MOST 110-3116-F-006-002); ","https://ieeexplore.ieee.org/stamp/stamp.jsp?arnumber=9546781","Diesel generators;hybrid power system;inverters;optimal sizing;optimization;power generation planning;solar energy","Inverters;Costs;Batteries;Optimization;Generators;Renewable energy sources;Reliability","","18","","30","CCBYNCND","22 Sep 2021","2021","","IEEE","IEEE Journals"
"Optimal Scheduling of Combined Heat and Power Systems Integrating Hydropower-Wind-Photovoltaic-Thermal-Battery Considering Carbon Trading","S. Zhu; E. Wang; S. Han; H. Ji","CHN Energy Technology & Environment Group Co., Ltd., Beijing, China; Guoneng Qinghai Yellow River Maerdang Hydropower Development Co., Ltd., Qinghai, China; CHN Energy Technology & Environment Group Co., Ltd., Beijing, China; School of Automation Engineering, Northeast Electric Power University, Jilin City, China",IEEE Access,"22 Jul 2024","2024","12","","98393","98406","During the winter heating period, the accommodation of wind and photovoltaic (PV) power is limited due to the prioritized scheduling of combined heat and power (CHP) systems to meet the heat load demand of users, which indirectly increases carbon emissions (CE). Due to the robust peak shaving and energy storage capabilities of pumped storage hydropower (PSH), PSH and tiered carbon trading can be employed to address these issues. However, there are scarce reports on research exploring the integration of PSH and carbon trading into CHP systems. To fill the technology gap, we propose a low-carbon optimal scheduling method that integrates hydropower-wind-PV-thermal-battery (HWPTB) with CHP. The scheduling model for coordinated multi-energy complementarity of HWPTB is developed to address the electric and heat demand of users. The proposed work is validated by numerical simulation, compared with the traditional optimal scheduling method without considering PSH and carbon trading, the wind and PV power curtailment rates are reduced by 7.17% and 6.77%, respectively, and the operation cost is also reduced by 43.6%, and the CE cost is -4163.3 ( ${\$}$ ). The results show that the PSH can shave the peak of the electric load and alleviate the reduction of renewable energy accommodation, with no increase in operation cost and profit by tiered carbon trading.","2169-3536","","10.1109/ACCESS.2024.3429399","Research and Engineering Demonstration of a Fully Clean Energy Safe, Autonomous, and Controllable Smart Management and Control System at the 10-GW Level(grant numbers:CSIEKJ220700539); Ph.D. Scientific Research Startup Foundation of Northeast Electric Power University(grant numbers:BSJXM-2022209); ","https://ieeexplore.ieee.org/stamp/stamp.jsp?arnumber=10599417","Optimal scheduling;combined heat and power systems;pumped storage hydropower;tiered carbon trading;hydropower-wind-PV-thermal-battery","Cogeneration;Costs;Batteries;Optimal scheduling;Boilers;Power systems;Resistance heating;Heating systems;Power systems;Hydroelectric power generation;Photovoltaic systems","","15","","29","CCBYNCND","16 Jul 2024","2024","","IEEE","IEEE Journals"
"Dispatch model for integrated heat and power systems considering internal composition of CHP plants","T. Jiang; Y. Min; G. Zhou; L. Chen; Q. Chen; F. Xu","Department of Electrical Engineering, Tsinghua University, Beijing, China; Department of Electrical Engineering, Tsinghua University, Beijing, China; State Grid Liaoning Electric Power Supply Co., Ltd., Shenyang, China; Department of Electrical Engineering, Tsinghua University, Beijing, China; Department of Electrical Engineering, Tsinghua University, Beijing, China; Department of Electrical Engineering, Tsinghua University, Beijing, China",CSEE Journal of Power and Energy Systems,"23 Mar 2021","2021","7","2","396","407","An integrated heat and power system (IHPS) is a promising approach for alleviating wind curtailment problems. In an IHPS, the combined heat and power (CHP) plant is the key component, which supplies both heat and electric loads, and couples the thermal system and power system. However, existing research commonly ignores or simplifies the internal composition of CHP plants, which could lead to some unavoidable errors. This paper focuses on the internal composition of CHP plants, and models the physical processes in different components and flexible resources in the CHP plant. Furthermore, a joint dispatch problem of an IHPS with the above CHP plant models is formulated, and an iterative algorithm is developed to handle the nonlinearity in this problem. Case studies are performed based on a real CHP plant in Northern China, and the results indicate that the synergistic effect of different energy resources in the CHP plant is realized by the joint dispatch model, which promotes wind power accommodation and reduces fossil fuel consumption.","3066-9308","","10.17775/CSEEJPES.2020.00560","","https://ieeexplore.ieee.org/stamp/stamp.jsp?arnumber=9133636","Combined heat and power (CHP) plant;CHP unit;economic dispatch;Integrated heat and power system;wind power integration","Cogeneration;Water heating;Heat pumps;Resistance heating;Thermal pollution;Adiabatic","","10","","34","","6 Jul 2020","March 2021","","CSEE","CSEE Journals"
"Optimal Energy Management of Data Center Micro-Grid Considering Computing Workloads Shift","L. Liu; X. Shen; Z. Chen; Q. Sun; R. Wennersten","China Energy Engineering Group Guangdong Electric Power Design Institute Company Ltd., Guangzhou, Guangdong, China; Shenzhen International Graduate School, Tsinghua University, Shenzhen, Guangdong, China; China Energy Engineering Group Guangdong Electric Power Design Institute Company Ltd., Guangzhou, Guangdong, China; Institute of Thermal Science and Technology, Shandong University, Jinan, Shandong, China; Institute for Advanced Science and Technology, Shandong University, Jinan, Shandong, China",IEEE Access,"29 Jul 2024","2024","12","","102061","102075","Data centers have been experiencing increasingly significant challenges in electricity consumption and carbon emissions with the fast-development of artificial intelligence (AI). In the context of carbon neutrality, the integration of data centers with renewable green energy has become a prevailing trend. To effectively integrate renewable energy, it is imperative to thoroughly explore the data center’s operation flexibility. Delay-tolerant computational workloads have been considered as one of the most promising flexible resources for power regulation within data center micro-grids (DCMs). This paper first analyzes the working characteristics of three kinds of typical delay-tolerant computing workloads, i.e. short-running deferrable workloads, long-running continuous workload, long-running interruptible workload, and then clarifies the time-shifting mechanisms for each. Next, the corresponding time-shifting models of the delay-tolerant workloads are established. Finally, considering the time attributes of workloads and system settings, the day-ahead optimization scheduling framework of DCM incorporating the time-shifting models of multiple workloads are formulated, with the aim of minimizing the operation cost of DCM and renewable power curtailment. Application of the power management scheme in a data center case study confirms its effectiveness in improving the operational economy of data center and increasing green energy utilization.","2169-3536","","10.1109/ACCESS.2024.3432120","Postdoctoral Research Project of Guangdong Electric Power Design Institute(grant numbers:EV10961W); ","https://ieeexplore.ieee.org/stamp/stamp.jsp?arnumber=10606267","Data center micro-grid;renewable energy;delay-tolerant workloads;time shift","Data centers;Computational modeling;Data models;Electricity;Regulation;Biological system modeling;Task analysis;Delay effects","","21","","29","CCBYNCND","22 Jul 2024","2024","","IEEE","IEEE Journals"
"Optimization via Statistical Emulation and Uncertainty Quantification: Hosting Capacity Analysis of Distribution Networks","H. Du; W. Sun; M. Goldstein; G. P. Harrison","Department of Mathematical Sciences, Durham University, Durham, U.K.; School of Engineering, The University of Edinburgh, Edinburgh, U.K.; Department of Mathematical Sciences, Durham University, Durham, U.K.; School of Engineering, The University of Edinburgh, Edinburgh, U.K.",IEEE Access,"31 Aug 2021","2021","9","","118472","118483","In power systems modelling, optimization methods based on certain objective function(s) are widely used to provide solutions for decision makers. For complex high-dimensional problems, such as network hosting capacity evaluation of intermittent renewables, simplifications are often used which can lead to the ‘optimal’ solution being suboptimal or nonoptimal. Even where the optimization problem is resolved, it would still be valuable to introduce some diversity to the solution for long-term planning purposes. This paper introduces a general framework for solving optimization for power systems that treats an optimization problem as a history match problem which is resolved via statistical emulation and uncertainty quantification. Emulation constructs fast statistical approximations to the complex computer simulation model in order to identify appropriate choices of candidate solutions for given objective function(s). Uncertainty quantification is adopted to capture multiple sources of uncertainty attached to each candidate solution and is conducted via Bayes linear analysis. It is demonstrated through a hosting capacity case study involving variable wind generation and active network management. The proposed method effectively identified not only the maximum connectable capacities but also a diverse set of near-optimal solutions, and so provided flexible guides for using the existing network to maximize the benefits of renewable generation.","2169-3536","","10.1109/ACCESS.2021.3105935","U.K. Engineering and Physical Sciences Research Council (EPSRC) through the National Centre for Energy Systems Integration(grant numbers:EP/P001173/1); Uncertainty Analysis of Hierarchical Energy Systems Models Project(grant numbers:EP/K03832X/1); ","https://ieeexplore.ieee.org/stamp/stamp.jsp?arnumber=9517296","Hosting capacity;distribution network;distributed generation;wind curtailment;history matching;optimization;statistical emulation;uncertainty quantification","Optimization;Uncertainty;Computational modeling;Linear programming;Emulation;Biological system modeling;History","","5","","44","CCBY","19 Aug 2021","2021","","IEEE","IEEE Journals"
"A Shape-Based Clustering Framework for Time Aggregation in the Presence of Variable Generation and Energy Storage","N. Sarajpoor; L. Rakai; J. Arteaga; H. Zareipour","Department of Electrical and Computer Engineering, University of Calgary, Calgary, Canada; Department of Electrical and Computer Engineering, University of Calgary, Calgary, Canada; Facultad de Ingenieria, Universidad Panamericana, Zapopan, Jalisco, Mexico; Department of Electrical and Computer Engineering, University of Calgary, Calgary, Canada",IEEE Open Access Journal of Power and Energy,"12 Nov 2021","2021","8","","448","459","A common solution to mitigate the complexity of power system studies is time aggregation. This is to replace the actual data set for all time intervals with representative time periods. Previous research confirms that when energy storage systems are involved in the study, preserving the overall shape of the original data is crucial. This paper proposes a new time aggregation framework to incorporate a shape-based distance to jointly extract representative periods of wind and demand data. The duration curve of the net demand is used as a data-based validation index to compare the performance of the proposed method against other techniques. Also, a 3-bus case study that includes a wind resource, an energy storage system, and two conventional generators is designed. Four model-based validation indices are defined and applied for performance measurement, including the annual operation cost of the system, the annual wind curtailment in the system, the energy throughput of the storage facility, and the daily average of the state of the charge of the energy storage for each 365 days of the year.","2687-7910","","10.1109/OAJPE.2021.3097366","Natural Sciences and Engineering Research Council of Canada; ","https://ieeexplore.ieee.org/stamp/stamp.jsp?arnumber=9486903","Power system planning;aggregation;clustering;dynamic time warping;storage","Time series analysis;Power system planning;Wind power generation;Power systems;Energy storage;Wind energy;Clustering methods","","12","","40","CCBY","15 Jul 2021","2021","","IEEE","IEEE Journals"
"Scenario-Based Predictive Optimization of PV-BESS Systems for Enhanced V2G Flexibility Under Uncertainties","O. Ur Rehman; N. Ahmad; A. A. Uppal; Y. M. Alsmadi","Department of Electrical Engineering, COMSATS University Islamabad, Islamabad, Pakistan; Department of Electrical Engineering, COMSATS University Islamabad, Islamabad, Pakistan; Department of Electrical Engineering, COMSATS University Islamabad, Islamabad, Pakistan; Department of Engineering, Computing and Mathematical Sciences (ECaMS), Lewis University, Romeoville, IL, USA",IEEE Access,"17 Aug 2026","2026","14","","123691","123706","Smart charging of electric-vehicle (EV) fleets must balance energy cost, transformer/feeder power limits, user satisfaction, and the operational value of on-site resources such as rooftop PV and battery energy storage systems (BESS). This work presents a scenario-based model predictive control (SB-SMPC) framework for grid-to-vehicle (G2V) and vehicle-to-grid (V2G) coordination that minimizes the net operating cost while satisfying the system constraints. The controller explicitly models stochasticity in base load, PV generation, and electricity prices via sampled scenarios, and it also integrates demand charge cost for distribution grid services. EV service quality is guaranteed through departure energy targets, connection-time policies, and a minimum state of charge (SoC) floor. BESS dynamics, round-trip efficiency, terminal SoC targets, and battery degradation costs are included to capture battery storage economics. This study compares V2G operations with and without BESS across daily horizons. Results show that SB-SMPC systematically limits transformer import, curtails PV only when economically justified, and shifts charging to low-price periods while meeting EV energy requirements; enabling V2G further reduces net costs when energy export cost and demand charges are favorable. Comparative results (with/without BESS) reveal that BESS helps to reduce net electricity cost around 4% and grid peaks around 10% as compared to without BESS installation. Imposing high demand charges further cuts the peaks about 11%. The sensitivity analysis further confirmed the robustness of the proposed framework under varying load, PV, and price conditions.","2169-3536","","10.1109/ACCESS.2026.3710369","","https://ieeexplore.ieee.org/stamp/stamp.jsp?arnumber=11595607","Battery energy storage system (BESS);demand charge;grid-to-vehicle (G2V);scenario-based model predictive control (MPC);vehicle-to-grid (V2G)","Optimization;Vehicle-to-grid;Modeling;Costing;Costs;Energy;Loading;Uncertainty;Electric vehicle charging;Timing","","","","36","CCBY","6 Jul 2026","2026","","IEEE","IEEE Journals"
"EV Parking Lots for Flexible Energy Sourcing","K. Mahani; F. Angizeh; M. A. Jafari","Department of Industrial and Systems Engineering, Rutgers, The State University of New Jersey, Piscataway, NJ, USA; Department of Industrial and Systems Engineering, Rutgers, The State University of New Jersey, Piscataway, NJ, USA; Department of Industrial and Systems Engineering, Rutgers, The State University of New Jersey, Piscataway, NJ, USA",IEEE Access,"24 Apr 2023","2023","11","","38770","38782","Energy storage is inherently a flexible asset that can be used to reduce renewable energy curtailment and the congestion at its host network, enhance system resilience, and provide ancillary services at peak times. But the cost of technology still hampers the large-scale adoption of storage in power distribution networks. With EV parking lots included in its asset portfolio, a city can take advantage of the power stored in the parked EVs without major capital investments. In this article, we formulate the operation of an EV parking lot from the viewpoint of its owner (i.e., a city or a private entity). The lot works as a market aggregator with operational uncertainties stemming from: (i) random arrival and departure of vehicles, (ii) the SoC of EV batteries at the times of arrival and departure, and (iii) willingness of EV owners to participate. The risks from these uncertainties and market prices of ancillary services impact the bottom line of the lot owner’s revenue. For EV owners the excessive up and down cycles of battery is offset by discount offered by the lot owner. We provide an illustrative example and a roadmap to extend this model to take the holistic view of a power distribution network.","2169-3536","","10.1109/ACCESS.2023.3268028","Qatar National Research Fund (a member of the Qatar Foundation) through the National Priorities Research Program (NPRP) Award(grant numbers:NPRP13S-0206-200272); ","https://ieeexplore.ieee.org/stamp/stamp.jsp?arnumber=10103881","EV parking lot;V2G control;energy storage system;dynamic capacity;queueing model;market participation;mix-integer linear programming (MILP)","Batteries;Costs;Vehicle-to-grid;Planning;Stochastic processes;Electric vehicle charging;Degradation","","7","","36","CCBY","18 Apr 2023","2023","","IEEE","IEEE Journals"
"Multi-Time-Scale Optimal Scheduling of Integrated Energy System with Electric-Thermal-Hydrogen Hybrid Energy Storage Under Wind and Solar Uncertainties","Z. Chen; Z. Li; D. Lin; C. Xie; Z. Wang","State Grid Zhejiang Electric Power Research Institute, Hangzhou, China; State Grid Zhejiang Electric Power Research Institute, Hangzhou, China; State Grid Zhejiang Electric Power Research Institute, Hangzhou, China; School of Automation, Wuhan University of Technology, Wuhan, China; School of Automation, Wuhan University of Technology, Wuhan, China",Journal of Modern Power Systems and Clean Energy,"26 May 2025","2025","13","3","904","914","Hybrid energy storage is considered as an effective means to improve the economic and environmental performance of integrated energy systems (IESs). Although the optimal scheduling of IES has been widely studied, few studies have taken into account the property that the uncertainty of the forecasting error decreases with the shortening of the fore-casting time scale. Combined with hybrid energy storage, the comprehensive use of various uncertainty optimization methods under different time scales will be promising. This paper proposes a multi-time-scale optimal scheduling method for an IES with hybrid energy storage under wind and solar uncertainties. Firstly, the proposed system framework of an IES including electric-thermal-hydrogen hybrid energy storage is established. Then, an hour-level robust optimization based on budget uncertainty set is performed for the day-ahead stage. On this basis, a scenario-based stochastic optimization is carried out for intra-day and real-time stages with time intervals of 15 min and 5 min, respectively. The results show that ①the proposed method improves the economic benefits, and the intra-day and real-time scheduling costs are reduced, respectively; ②by adjusting the uncertainty budget in the model, a flexible balance between economic efficiency and robustness in day-ahead scheduling can be achieved; ③ reasonable design of the capacity of electric-thermal-hydrogen hybrid energy storage can significantly reduce the electricity curtailment rate and carbon emissions, thus reducing the cost of system scheduling.","2196-5420","","10.35833/MPCE.2024.000606","","https://ieeexplore.ieee.org/stamp/stamp.jsp?arnumber=10799930","Integrated energy system (IES);hybrid energy storage;multi-time-scale optimal scheduling;robust optimization;stochastic optimization;uncertainty;wind power;solar power","Uncertainty;Energy storage;Optimization;Optimal scheduling;Hydrogen;Real-time systems;Power systems;Wind turbines;Green energy;Costs","","11","","40","","13 Dec 2024","May 2025","","SGEPRI","SGEPRI Journals"
"Optimal Planning of Renewable Energy and Storage Considering Capacity Credit Constraint","R. Wang; S. Wang; G. Geng; Q. Jiang","College of Electrical Engineering, Zhejiang University, Hangzhou, China; College of Electrical Engineering, Zhejiang University, Hangzhou, China; College of Electrical Engineering, Zhejiang University, Hangzhou, China; College of Electrical Engineering, Zhejiang University, Hangzhou, China",Protection and Control of Modern Power Systems,"6 May 2026","2026","11","3","1","12","The increasing integration of renewable energy poses the dual challenges of renewable curtailment and supply shortage due to its temporal variability and high uncertainty. Optimal planning of renewable and storage is critical for ensuring power supply reliability and enhancing renewable energy accommodation. This paper develops a co-planning model of renewable and storage considering capacity credit (CC) constraints. A refined multi-time-scale CC assessment method based on improved scenario selection is proposed to quantify power supply capability of renewable and storage, thereby accounting for their capacity value and establishing system adequacy constraints. To improve computational efficiency, an accelerated operational simulation algorithm and an iterative solving approach are introduced. Through case studies on the RTS-GMLC system and a practical power system in Northeast China, the proposed method improves computational efficiency by 14 times compared to year-round operation without affecting accuracy, while effectively ensuring supply reliability under extreme weather conditions and maintaining economic efficiency.","2367-0983","","10.23919/PCMP.2025.000009","","https://ieeexplore.ieee.org/stamp/stamp.jsp?arnumber=11448787","Capacity credit;co-planning;energy storage;power system adequacy;renewable energy","Renewable energy sources;Planning;Reliability;Capacity planning;Costs;Weather;Power systems;Power supplies;Computational modeling;Radio frequency","","10","","38","","19 Mar 2026","May 2026","","PSPC","PSPC Journals"
"Optimal Scheduling Strategy for Energy Allocation of Distributed Electric Heat Storage","H. Ji; L. Wang","School of Automation Engineering, Northeast Electric Power University, Jilin, China; College of Information and Control Engineering, Jilin Institute of Chemical Technology, Jilin, China",IEEE Access,"22 Jul 2024","2024","12","","98059","98074","Electric heat storage (EHS) located on the grid side can improve the flexibility of combined heat and power (CHP) systems to reduce wind power curtailment (WPC), and its capacity is correlated with investment costs. However, a significant amount of distributed electric heat storage (DEHS) on the load side has already been funded and constructed by users and businesses. To effectively utilize DEHS for diverse user types in different geographic locations, a generalized scheduling method is required to address these issues. To fill the technology gap, an innovative optimal scheduling strategy for energy allocation in DEHS is proposed. Firstly, to consider the heat comfort of DEHS users and their willingness to serve grid scheduling, the equivalent energy allocation strategy (EEAS) and increased energy allocation strategy (IEAS) are developed, respectively. Secondly, a general model is proposed to schedule DEHS for different types of users. The electric heat time-shift characteristics of DEHS are used to reallocate the working time of energy storage. Thirdly, numerical simulations are employed to validate the proposed strategy. The proposed scheduling strategies of EEAS and IEAS contribute to the reduction of WPC. The WPC rates are reduced by 14.04% and 29.49%, respectively, when compared to the conventional scheduling strategy of time-of-use. Moreover, compared with EEAS, IEAS makes a significant contribution by providing 27.05% more scheduling space for the grid, thus greatly improving its flexibility in consuming wind power. The WPC can be reduced through the energy allocation of DEHS, while the flexibility of grid regulation is enhanced by increasing the deviation of energy allocation.","2169-3536","","10.1109/ACCESS.2024.3429405","Ph.D. Scientific Research Startup Foundation of Northeast Electric Power University(grant numbers:BSJXM-2022209); ","https://ieeexplore.ieee.org/stamp/stamp.jsp?arnumber=10599433","Optimal scheduling;distributed electric heat storage;equivalent energy allocation strategy;increased energy allocation strategy","Resistance heating;Resource management;Cogeneration;Heating systems;Wind power generation;Optimal scheduling;Costs;Distributed power generation;Energy consumption","","","","25","CCBYNCND","16 Jul 2024","2024","","IEEE","IEEE Journals"
"Optimization Configuration Method of Energy Storage Considering Photovoltaic Power Consumption and Source-Load Uncertainty","J. Qiao; X. Meng; W. Zheng; P. Huang; T. Xu; Y. Xu","College of Information and Electric Engineering, Shenyang Agricultural University, Shenyang, China; College of Information and Electric Engineering, Shenyang Agricultural University, Shenyang, China; State Grid Liaoning Electric Power Company Ltd. Electric Power Science Research Institute, Shenyang, China; College of Information and Electric Engineering, Shenyang Agricultural University, Shenyang, China; Fushun Power Supply Company of State Grid, Fushun, China; College of Information and Electric Engineering, Shenyang Agricultural University, Shenyang, China",IEEE Access,"23 Jan 2025","2025","13","","9401","9412","The proposal of a “double carbon” target has resulted in a gradual and continuous increase in the proportion of photovoltaic (PV) access to the distribution network area. To enhance the capability of PV consumption and mitigate the voltage overrun issue stemming from the substantial PV access proportion, this paper presents a multi-objective energy storage optimization allocation methodology. Firstly, a PV and load uncertainty model is established based on Beta and Normal distributions, and the Monte Carlo Method (MC) is used to simulate the annual output. The representative scenarios are obtained after the combination is cut down by the K-means clustering algorithm. The poor operation scenarios are identified by using the variation of the maximum total node voltage deviation. Finally, an energy storage optimization allocation is proposed. Subsequently, the objective function, which seeks to minimize the total daily operating cost of the energy storage system and the PV abandonment rate, is constructed using the evaluation-based function method. The constraints, including node voltage and energy storage device, are considered, and the model is solved using the improved grey wolf optimization algorithm. Finally, a distribution network station system is employed to compare and analyze the capacity allocation results of poor operation scenarios under different schemes, the results showed that after energy storage optimization, the voltage of each scheme decreased from 0.4869kV to 0.42kV, and the curtailment rate decreased by 13.09%, 21.33%, and 23.69% respectively compared to before optimization,which verifies the effectiveness of the models and methods proposed in this paper.","2169-3536","","10.1109/ACCESS.2025.3528050","Basic Research Projects of Liaoning Provincial Education Department(grant numbers:JYTMS20231281); ","https://ieeexplore.ieee.org/stamp/stamp.jsp?arnumber=10836714","Monte Carlo method;distribution network transformer area;source-load uncertainty;photovoltaic consumption;scene analysis","Energy storage;Voltage;Costs;Uncertainty;Load modeling;Linear programming;Distribution networks;Resource management;Photovoltaic systems;Optimization","","14","","26","CCBY","10 Jan 2025","2025","","IEEE","IEEE Journals"
"A Computationally Efficient Formulation for a Flexibility Enabling Generation Expansion Planning","D. V. Pombo; J. Martinez-Rico; M. Carrion; M. Cañas-Carretón","Department of Wind and Energy Systems, Technical University of Denmark, Roskilde, Denmark; Department of Energy Engineering, University of Basque Country, Vitoria-Gasteiz, Spain; Department of Electrical Engineering, Industrial Engineering School, Universidad Castilla–La Mancha, Toledo, Spain; Renewable Energy Research Institute and the Department of Electrical Engineering, Industrial Engineering School, Universidad Castilla–La Mancha, Toledo, Spain",IEEE Transactions on Smart Grid,"21 Jun 2023","2023","14","4","2723","2733","This paper presents a new mixed-integer linear programming formulation for combined generation, storage and demand response expansion planning. The proposed formulation captures flexibility dynamics in integrated energy systems in long horizons with large temporal resolution. The objective function considers costs related to: investment, operation, emission penalties, fixed and variable maintenance. The considered units are: generators, storage (batteries and hydro-pumped) and demand response units (desalination, power-to-X, electric vehicles and electrolysers). The operation is modelled as an hourly unit commitment including time-dependent startup costs and intertemporal constraints such as ramping limits and minimum up and down times. This flexibility enabling formulation boosts renewable integration and contributes towards decarbonisation of other energy sectors such as transport. A commercial solver is used to evaluate the formulation for large scale cases considering 20 years horizon and 12 full weeks per year imposing minimum renewable shares of 50 and 100% in year 9 and 19, respectively. The formulation exceeds tractability limits of previous works, achieves lower over-installation and renewable curtailment by integrating flexibility in the generation expansion problem, and allows to size demand responsive units if desired.","1949-3061","","10.1109/TSG.2022.3233124","","https://ieeexplore.ieee.org/stamp/stamp.jsp?arnumber=10004037","Optimization;isolated power systems;flexibility;demand response;energy storage;P2X","Costs;Power system dynamics;Renewable energy sources;Demand response;Planning;Batteries;Investment","","25","","42","CCBY","30 Dec 2022","July 2023","","IEEE","IEEE Journals"
"A Demand Side Controller of Electrolytic Aluminum Industrial Microgrids Considering Wind Power Fluctuations","X. Ding; J. Xu; Y. Sun; S. Liao; J. Zheng","School of Electrical Engineering and Automation, Wuhan University, Wuhan, China; School of Electrical Engineering and Automation, Wuhan University, Wuhan, China; School of Electrical Engineering and Automation, Wuhan University, Wuhan, China; School of Electrical Engineering and Automation, Wuhan University, Wuhan, China; State Grid Hubei Electric Power Research Institute, State Grid Hubei Electric Power Co., Ltd., Wuhan, China",Protection and Control of Modern Power Systems,"26 Dec 2023","2022","7","4","1","13","Direct wind power purchase for large industrial users is a meaningful way to improve wind power consumption and decrease industrial production costs. Short-term wind power fluctuations may lead to large-scale wind power curtailment problems. To promote use of wind energy, a demand side control method is proposed based on output regulator theory for a grid-connected industrial microgrid with electrolytic aluminum loads to continuously track and respond to wind power fluctuations. The control model of the EALs and the dominant frequencies of the wind power fluctuation signals are analyzed and incorporated into the demand side control plant. The feedback control signals with active power deviations on the tie-line are used to design the demand side controller. Simulations are conducted for an actual industrial microgrid to validate the feasibility and effectiveness of the proposed method. The results demonstrate that the proposed controller based on output regulator theory is able to effectively track wind power fluctuations.","2367-0983","","10.1186/s41601-022-00270-x","","https://ieeexplore.ieee.org/stamp/stamp.jsp?arnumber=10374157","Wind power fluctuations;Electrolytic aluminum load;Demand side control;Output regulator theory;Industrial microgrid","Fluctuations;Regulators;Power demand;Wind energy;Simulation;Aluminum;Microgrids","","8","","28","","26 Dec 2023","October 2022","","PSPC","PSPC Journals"
"Methodology for Quantifying and Managing the Reverse Power Flow From Distributed Photovoltaic Generation","L. M. Silva; M. Mahdavi; A. D. L. F. Filho; E. G. Domingues; W. R. d. Oliveira","Department of Electrical Engineering, Faculty of Technology, Federal District, University of Brasília, Brasília, Brazil; Department of Electrical Engineering, Faculty of Technology, Federal District, University of Brasília, Brasília, Brazil; Department of Electrical Engineering, Faculty of Technology, Federal District, University of Brasília, Brasília, Brazil; Campus of Goiânia, Goiás Federal Institute, Goiânia, Goiás, Brazil; Department of Mechatronic, São José dos Campos, Aeronautics Institute of Technology, São Paulo, Brazil",IEEE Access,"22 May 2026","2026","14","","76265","76285","This paper presents a techno-economic methodology for assessing and mitigating reverse power flow (RPF) in distribution networks with high penetration of photovoltaic distributed generation (PVDG). Three mitigation strategies, mainly based on targeted or uniform curtailment, are evaluated under multiple penetration scenarios. The methodology integrates OpenDSS simulations with a Python-based algorithm and Monte Carlo methods to capture the stochastic variability of solar irradiance, ambient temperature, load profiles, and PV placement. Technical impacts on voltage regulation, peak demand, and network losses are monetized to estimate distributor-level economic outcomes. Results indicate that, without intervention, RPF rises sharply beyond 30% penetration, posing substantial technical and financial risks. Strategy 3, which employs an algorithm proposed in the literature regarding power system’s analysis under flux inversion, eliminates RPF entirely, while the self-consumption-oriented strategy 2 delivers the highest economic benefits, showing that complete suppression is not always the most cost-effective solution. Analysis of a real Brazilian feeder demonstrates the applicability and operational relevance of the proposed approach. By combining quantitative assessment with probabilistic modeling, the study provides practical guidance for regulatory compliance and strategic investment in Brazil’s evolving energy landscape. The proposed framework enables distribution utilities to balance technical reliability, economic efficiency, and fairness in photovoltaic (PV) curtailment strategies, supporting the sustainable and economically viable integration of distributed solar generation.","2169-3536","","10.1109/ACCESS.2026.3693380","Coordenação de Aperfeiçoamento de Pessoal de Nível Superior (CAPES), Brazil(grant numbers:88887.692919/2022-00); ","https://ieeexplore.ieee.org/stamp/stamp.jsp?arnumber=11520225","Financial impacts;Monte Carlo;photovoltaic microgeneration;reverse power flow;technical impacts;microgeneration","Transformers;Modeling;Load flow;Energy;Educational institutions;Renewable energy sources;Standards;Voltage;Distributed power generation;Electrical engineering","","2","","42","CCBY","14 May 2026","2026","","IEEE","IEEE Journals"
"Bi-Level Optimizing Model for Microgrids With Fast Lithium Battery Energy Storage Considering Degradation Effect","J. Li; X. Xu; Y. Wang; R. Chen; C. Liu","College of Electrical Engineering, Guangxi University, Nanning, China; College of Electrical Engineering, Guangxi University, Nanning, China; College of Electrical Engineering, Guangxi University, Nanning, China; College of Electrical Engineering, Guangxi University, Nanning, China; College of Electrical Engineering, Guangxi University, Nanning, China",IEEE Access,"11 Apr 2023","2023","11","","34643","34658","The nonlinear degradation effect of the fast lithium battery energy storage system (FLBESS) and the time-scale variability of peak shaving and frequency regulation both make the optimal operation of the microgrid more challenging. Therefore, this paper presents a bi-level optimization model to balance the degradation cost of lithium battery and the benefit of peak shaving and frequency regulation and improve the utilization of FLBESS while dealing with the multiple time scales optimization problems. The upper-level model mainly optimizes the day-ahead hourly power to minimize the power purchase cost and wind and solar power curtailment cost while calculating the internal parameters of the FLBESS to supply the lower-level model for the solution. The lower model optimizes the intra-hour economic cost and coordinates the frequency regulation benefit and lithium battery degradation cost. Finally, case studies are conducted using a regional microgrid to verify that the model solution satisfies the requirements for optimal system operation. In contrast, the model has the advantages of lower economic cost, more significant life extension effect, and higher energy storage utilization rate. The results show that the annual costs were reduced by 14.9%, and the battery life was increased by 19.0% than without considering degradation.","2169-3536","","10.1109/ACCESS.2023.3264563","","https://ieeexplore.ieee.org/stamp/stamp.jsp?arnumber=10092785","Fast lithium battery energy storage system;bi-level optimization;nonlinear degradation effect;frequency regulation;multiple time scales","Degradation;Lithium batteries;Energy storage;Costs;Microgrids;Renewable energy sources;Frequency control","","9","","50","CCBYNCND","5 Apr 2023","2023","","IEEE","IEEE Journals"
"Practical Generation Resource Planning Based on Screening Curve Method Considering Must-Run Constraints: The Case of Jeju Island’s Power Grids","Y. Lee; J. Hur","Department of Climate and Energy Systems Engineering, Ewha Womans University, Seoul, Republic of Korea; Department of Climate and Energy Systems Engineering, Ewha Womans University, Seoul, Republic of Korea",IEEE Access,"15 Dec 2023","2023","11","","139260","139271","The increasing integration of renewable energy sources in the power system necessitates a reassessment of the optimal generation resource mix in long-term planning. To derive a practical solution for the generation mix in response to renewable energy integration, it is necessary to consider additional practical constraints taken into account in real operations. This study introduces an enhanced screening curve method (SCM) incorporating must-run constraints for practical determination of the generation resource mix and estimation of renewable energy curtailment. The inclusion of must-run impact in the SCM contributes to a more practical and accurate estimation of the generation resource mix and expected renewable energy curtailment in long-term planning. A case study was conducted by assuming three different wind penetration scenarios using empirical data from the Jeju power gird. The results suggest indicates that the increasing integration of wind power is likely to decrease mid-load and peak-load generators during high-demand periods and reduce base-load generators during low-demand periods in the generation resource mix results. Additionally, the expected future expansion of wind penetration is projected to elevate both the amount and frequency of renewable energy curtailment at both high and low demand levels. The findings highlight the importance of flexibility resources and measures, such as reducing must-run generation, to address the anticipated increase in renewable energy curtailment. Moreover, the study provides insights for exploring practical solutions in long-term generation planning amid the growing integration of renewable energy.","2169-3536","","10.1109/ACCESS.2023.3340694","Korea Electric Power Corporation(grant numbers:R21XO01-1); Korea Institute of Energy Technology Evaluation and Planning (KETEP) Grant funded by the Korea Government (MOTIE) (Development of Core Stabilizing Technology for Renewable Power Management System)(grant numbers:2019371010006B); ","https://ieeexplore.ieee.org/stamp/stamp.jsp?arnumber=10348586","Generation resource plan;must-run generator impact;renewable energy curtailment;screening curve method","Renewable energy sources;Costs;Generators;Planning;Power systems;Power system stability;Wind power generation;Resource management;Energy management","","5","","25","CCBYNCND","7 Dec 2023","2023","","IEEE","IEEE Journals"
"Smart Home Scheduling Using Demand Response in the Presence of Different Electric Vehicles for Grid Import Cost Reduction","S. Girish; A. A. Téllez; R. Harini; S. Hari Prasath; N. Krishnan","Department of Electrical and Electronics Engineering, SASTRA Deemed to be University, Thanjavur, Tamil Nadu, India; Department of Electrical Engineering, Universidad Politecnica Salesiana, Quito, Pichincha, Ecuador; Department of Electrical and Electronics Engineering, SASTRA Deemed to be University, Thanjavur, Tamil Nadu, India; Department of Electrical and Electronics Engineering, SASTRA Deemed to be University, Thanjavur, Tamil Nadu, India; Department of Electrical and Electronics Engineering, SASTRA Deemed to be University, Thanjavur, Tamil Nadu, India",IEEE Access,"23 Oct 2025","2025","13","","180291","180307","This work aims to analyze the impact of usage patterns of multiple and different types of Electric Vehicles (EVs) and schedulable home (Smart Homes) on system reliability and suggest measures to improve system reliability. Distributed Generation (DG) using renewables is a salient feature of a smart grid. However, Renewable Energy Sources (RES) are highly intermittent. During times when energy available from RESs and EVs is lower than the demand, energy may be purchased from the grid at Real Time Price (RTP). Demand Response (DR) is performed on two scales: Incentive-Based Demand Response (IBDR) on the consumer side and Price Based DR (PBDR) on the grid side. Controllable loads are shifted based on RTP of grid at that hour to ensure energy balance in the system. Part of the curtailable load can be shed based on the availability of power depending on the usage patterns of individual customers to ensure reliability. This method of shifting of load ensures that the available renewable resources are utilised to its maximum. The shedding of loads ensure that the cost of electricity for the conusmers are less. In the existing methods of incorporating DR, only shifting of loads is performed thereby affecting the conusmer convenience. Also in the existing methods, only economic consideration is taken, which makes a new peak time in the system. The novelty of this work is analysing the impact of usage patterns with multiple and different types of EVs and implementing DR incorporating individual customer usage pattern for ensuring reliability of the system. Five different cases were analysed and in the presence of EVs and renewable energy sources the smart homes were considered, the SAIDI and SAIFI indices were found to be 0.8253 hours/ customer and 0.8253 interruptions/customer respectively and AENS was 2.9351 kWh/customer as the best result.","2169-3536","","10.1109/ACCESS.2025.3621908","","https://ieeexplore.ieee.org/stamp/stamp.jsp?arnumber=11203997","Demand response;distributed generation;real-time pricing;reliability analysis;smart homes","Costs;Renewable energy sources;Reliability;Electricity;Smart homes;Wind turbines;Load modeling;State of charge;Real-time systems;Demand response","","2","","30","CCBY","15 Oct 2025","2025","","IEEE","IEEE Journals"
"Multi-objective coordinated planning of soft open points and energy storage system in active distribution networks based on explicit analytical reliability expression","F. Luo; J. Fo; S. Wang; Y. Lyu; J. Xu; C. Wang","Key Laboratory of Smart Grid of Ministry of Education Tianjin University, Tianjin 300072, China; Key Laboratory of Smart Grid of Ministry of Education Tianjin University, Tianjin 300072, China; Key Laboratory of Smart Grid of Ministry of Education Tianjin University, Tianjin 300072, China; State Grid Corporation of China, Beijing 100031, China; State Grid Tianjin Electric Power Co., Ltd, Tianjin 300010, China; Key Laboratory of Smart Grid of Ministry of Education Tianjin University, Tianjin 300072, China",CSEE Journal of Power and Energy Systems,"","2026","PP","99","1","13","Existing reliability assessment methods rely on topology-based enumeration or probabilistic simulation, making it difficult to be explicitly embedded into multi-objective planning models. As a result, the solving process depends on heuristic algorithms, which cannot guarantee global optimality. To address this issue, this paper proposes a multi-objective coordinated planning model for active distribution networks (ADN) based on explicit analytical expression of reliability. First, the failure effect incidence matrix (FEIM), the load restoration matrix of soft open points (LRMSOP), and the load restoration matrix of energy storage system (LRMESS) are constructed to characterize the spatial relationship between failure events and affected loads. Through algebraic operations involving FEIM, LRMOP, LRMESS, and reliability parameter vectors, explicit analytical expressions of ADN reliability indices incorporating SOP and ESS can be derived. Then, based on these explicit expressions, a multi-objective coordinated optimization model is developed to simultaneously consider power supply reliability, DG utilization, and economic efficiency. The model aims to minimize investment cost, maintenance cost, network loss cost, reliability cost, and DG curtailment cost through joint planning of the siting and sizing of SOP and ESS. Finally, the effectiveness of the proposed model is validated using a modified Portugal 54-bus distribution system. The results demonstrate that by explicitly modeling and linearizing ADN reliability indices, the corresponding reliability cost can be explicitly quantified and uniformly embedded into the multi-objective planning model. This overcomes the limitations of heuristic algorithms in achieving globally optimal solutions and provides strong support for ADN planning aimed at coordinated improvement in power supply reliability, DG utilization, and economic efficiency.","3066-9308","","10.17775/CSEEJPES.2025.04980","","https://ieeexplore.ieee.org/stamp/stamp.jsp?arnumber=11449530","Active distribution networks;failure effect incidence matrix;explicit reliability indices;soft open points;multi-objective coordinated planning","Reliability;Circuit faults;Power system reliability;Planning;Biological system modeling;Power supplies;Costs;Optimization models;Optimization;Distribution networks","","","","","","20 Mar 2026","","","CSEE","CSEE Early Access Articles"
"Hosting-Capacity Improvement Using Rooftop Photovoltaics and Decentralized BESS in Low Voltage Grids","H. M. A. Antunes; H. R. Torquato; J. M. S. Callegari; L. S. Araujo; D. I. Brandao","Graduate Program in Electrical Engineering, Federal University of Espirito Santo, Vitoria, Brazil; Graduate Program in Electrical Engineering, Universidade Federal de Minas Gerais, Belo Horizonte, Brazil; Graduate Program in Electrical Engineering, Universidade Federal de Minas Gerais, Belo Horizonte, Brazil; Graduate Program in Electrical Engineering, Universidade Federal de Minas Gerais, Belo Horizonte, Brazil; Graduate Program in Electrical Engineering, Universidade Federal de Minas Gerais, Belo Horizonte, Brazil",IEEE Access,"23 Apr 2025","2025","13","","67286","67300","Voltage regulation in low-voltage (LV) distribution grids is essential to increase the penetration of photovoltaic (PV) rooftop units. Hence, PV inverters are commonly embedded with volt-var (VV) and volt-watt (VW) control functions to support the grid voltage regulation within the grid codes. Such an approach usually increases the LV grid hosting capacity (HC) by 1.5 to 2 times at the cost of energy curtail. Thus, the use of decentralized battery energy storage systems (BESS) near to nodes sensible to overvoltage become appealing, as it stores energy without creating current circulation within the grid. However, there are still gaps in sizing of decentralized BESSs and in quantifying their improvement in terms of HC. Thus, this paper contributes with a comprehensive study that evaluates the HC of a generic LV grid comprised of PV units with embedded VV and VW control functions, and proposes a methodology to guide the sizing of small decentralized BESS used to increase the grid HC. Using OpenDSS software, the VV and VW control functions are evaluated and compared with a base scenario where PV units operate at a unity power factor. The active power curtailment is used to size decentralized BESS to absorb excess energy, avoiding PV active power derating. Results show that BESS units, sized at about 5-10% of the PV power capacity, can reduce revenue impacts and increase HC by over 30% in LV grids.","2169-3536","","10.1109/ACCESS.2025.3560484","Coordination for the Improvement of Higher Education Personnel-Brazil (CAPES) through the Academic Excellence Program (PROEX); National Council for Scientific and Technological Development-Brazil (CNPq)(grant numbers:150671/2024-5); Minas Gerais Research Funding Foundation (FAPEMIG)(grant numbers:BPD-00718-22,APQ-02216-23,APQ-05085-23); ","https://ieeexplore.ieee.org/stamp/stamp.jsp?arnumber=10964220","Hosting capacity;volt-var;volt-watt;photovoltaic;battery energy storage system","Voltage control;Reactive power;Power system stability;Substations;Stability criteria;Inverters;Photovoltaic systems;Focusing;Voltage fluctuations;Power system reliability","","12","","54","CCBY","14 Apr 2025","2025","","IEEE","IEEE Journals"
"Power Generation Control Algorithm for the Participation of Photovoltaic Panels in Network Stability","L. Cristaldi; M. Faifer; C. Laurano; R. Ottoboni; E. Petkovski; S. Toscani","Dipartimento di Elettronica Informazione e Bioingegneria, Politecnico di Milano, Milan, Italy; Dipartimento di Elettronica Informazione e Bioingegneria, Politecnico di Milano, Milan, Italy; Dipartimento di Elettronica Informazione e Bioingegneria, Politecnico di Milano, Milan, Italy; Dipartimento di Elettronica Informazione e Bioingegneria, Politecnico di Milano, Milan, Italy; Dipartimento di Elettronica Informazione e Bioingegneria, Politecnico di Milano, Milan, Italy; Dipartimento di Elettronica Informazione e Bioingegneria, Politecnico di Milano, Milan, Italy",IEEE Transactions on Instrumentation and Measurement,"2 Feb 2023","2023","72","","1","9","The push for renewable energy and sustainable development has led to an ever-increasing integration of grid-tied photovoltaic (PV) systems. To maximize revenue, this resource generally operates in maximum power point trackers (MPPT) mode. However, to ensure grid stability and reliability, system operators will continue to introduce new requirements, eventually forcing PV plants to adhere to primary frequency regulation. To perform this task, PV plants will have to be capable of operating outside the MPP and varying their power production, to maintain an active power reserve, according to grid request. This article presents an innovative model-based (MB) tracking algorithm devoted to supporting power network regulation. Due to the updated formulation, the algorithm can vary the power curtailment according to a reduction factor given by the power system operators. Results show the remarkable performance and accuracy of the new algorithm, providing power regulation capability in the range 20%–100% of the maximum available power. Moreover, the impact of the employment of constant reduction coefficients on the algorithm performances has been evaluated. Validation has been performed based on the data collected over an observation interval of more than six months. Due to its flexibility, this could be the basis for the participation of PV systems to frequency regulation.","1557-9662","","10.1109/TIM.2023.3238745","","https://ieeexplore.ieee.org/stamp/stamp.jsp?arnumber=10024286","Maximum power point trackers (MPPT);photovoltaic (PV) system;power control;power reserve","Heuristic algorithms;Regulation;Frequency control;Maximum power point trackers;Power system stability;Mathematical models;Photovoltaic systems","","28","","40","CCBY","23 Jan 2023","2023","","IEEE","IEEE Journals"
"The Influence of Battery Model Structure and Quality of Fit on the Model Predictive Control of a PV-Battery-Heat Pump System in a Multi-Use Case","R. Gelleschus; T. Bocklisch","Chair of Energy Storage Systems, Dresden University of Technology, Dresden, Germany; Chair of Energy Storage Systems, Dresden University of Technology, Dresden, Germany",IEEE Access,"22 Oct 2024","2024","12","","150880","150897","Residential PV systems combined with a battery, a heat pump and a heat storage can provide a great part of the energetic needs of the residents in a decentralized manner and without emitting carbon dioxide during operation. The management of this hybrid energy storage system’s (HESS) degrees of freedom can be addressed by model predictive control (MPC), relying on an optimization model and forecasts, which are both never perfectly accurate. The aim of this paper is to systematically assess the impact of errors in the model’s structure and parameters on the performance of an MPC for such a residential PV-battery-heat pump-heat storage system in order to lay the foundations for systematic improvements in the MPC’s robustness. With this being a simulation-based study, the results will also depend on the plant model used for the simulation, which is why the sensitivity of the selected performance criteria towards the plant model was also studied. The results show that there are big differences in the sensitivities of operating costs, security of domestic hot water supply and PV curtailment towards changes in the plant and optimization models, with most being more sensitive towards the plant model. However, for big changes in the optimization model, the MPC’s usage of the two storage devices changed fundamentally, resulting in big changes for grid relief and the security of domestic hot water supply. These results show that, at least in the case of this HESS, including the nonlinear system behavior in the formulation of the optimization model greatly improves the MPC’s performance.","2169-3536","","10.1109/ACCESS.2024.3470535","Federal Ministry of Economic Affairs and Climate Action through the Research Project “HYBAT—Hybrid lithium-ion battery storage solution with 1500V system technology, innovative thermal management and optimized system management”(grant numbers:03EI3009C); ","https://ieeexplore.ieee.org/stamp/stamp.jsp?arnumber=10699334","Batteries;control systems;modelling;nonlinear systems;parameter estimation;photovoltaic systems;simulation","Batteries;Heat pumps;Optimization;Optimization models;Energy storage;Water heating;Electricity;Costs;State of charge;Programming","","6","","38","CCBY","30 Sep 2024","2024","","IEEE","IEEE Journals"
"Multi-Objective Optimization of Integrated Energy Systems Considering Ladder-Type Carbon Emission Trading and Refined Load Demand Response","Y. Luo; H. Hao; D. Yang; B. Zhou","Department of Electric Engineering, Northeastern University, Shenyang, China; Department of Electric Engineering, Northeastern University, Shenyang, China; Department of Electric Engineering, Northeastern University, Shenyang, China; Department of Electric Engineering, Northeastern University, Shenyang, China",Journal of Modern Power Systems and Clean Energy,"23 May 2024","2024","12","3","828","839","In this paper, a novel multi-objective optimization model of integrated energy systems (IESs) is proposed based on the ladder-type carbon emission trading mechanism and refined load demand response strategies. First, the carbon emission trading mechanism is introduced into the optimal scheduling of IESs, and a ladder-type carbon emission cost calculation model based on rewards and penalties is established to strictly control the carbon emissions of the system. Then, according to different response characteristics of electric load and heating load, a refined load demand response model is built based on the price elasticity matrix and substitutability of energy supply mode. On these basis, a multi-objective optimization model of IESs is established, which aims to minimize the total operating cost and the renewable energy source (RES) curtailment. Finally, based on typical case studies, the simulation results show that the proposed model can effectively improve the economic benefits of IESs and the utilization efficiency of RESs.","2196-5420","","10.35833/MPCE.2023.000230","State Grid Corporation of China(grant numbers:52100220002B); ","https://ieeexplore.ieee.org/stamp/stamp.jsp?arnumber=10285629","Integrated energy system;carbon emission trading;load demand response;renewable energy source","Carbon dioxide;Emissions trading;State of charge;Load modeling;Costs;Heating systems;Demand response","","12","","26","","13 Oct 2023","May 2024","","SGEPRI","SGEPRI Journals"
"Robust Scheduling of a Hybrid Hydro/Photovoltaic/Pumped-Storage System for Multiple Grids Peak-Shaving and Congestion Management","H. Zhou; L. Lu; M. Wei; L. Shen; Y. Liu","Southwest Branch, State Grid Corporation of China, Chengdu, China; Southwest Branch, State Grid Corporation of China, Chengdu, China; Southwest Branch, State Grid Corporation of China, Chengdu, China; Southwest Branch, State Grid Corporation of China, Chengdu, China; College of Electrical Engineering, Sichuan University, Chengdu, China",IEEE Access,"15 Feb 2024","2024","12","","22230","22242","Southwest China possesses substantial hydropower potential and abundant solar resources. To harness these renewable resources effectively, extensive photovoltaic (PV) facilities and cascaded hydropower stations have been strategically constructed in mountainous regions, culminating in the development of hybrid energy systems (HES) that combine hydro, PV, and pumped-storage. Nevertheless, the current research on HES scheduling often neglects the transmission congestion in the local grid to which HES is connected. This oversight results in avoidable curtailment of solar power, load shedding, and water spillage. Hence, this paper introduces a robust optimization model for HES scheduling. The primary objectives are to enhance the integration of renewable energy sources, mitigate water spillage, minimize peak-valley differences in multiple external grids, and alleviate transmission congestion within the HES-connected grid. To validate the effectiveness of this approach, both a modified IEEE 6-bus system and a real-world case study from the Yalong River region in Southwest China are employed. Numerical results illustrate that by involving the HES in local grid congestion management, a substantial reduction in PV generation curtailment and water wastage is achievable, with minimal impact on peak load management in multiple external grids.","2169-3536","","10.1109/ACCESS.2023.3346670","Southwest Branch, State Grid Corporation of China(grant numbers:SGSW0000FZGHBJS2200070); ","https://ieeexplore.ieee.org/stamp/stamp.jsp?arnumber=10373029","Cascade hydropower plants;pumped-storage;renewable energy integration;generation scheduling;peak shaving;multiple interconnected power grids","Hydroelectric power generation;Uncertainty;Optimization;Reservoirs;Hybrid power systems;Costs;Biological system modeling;Renewable energy sources;Scheduling;Power grids","","16","","38","CCBYNCND","25 Dec 2023","2024","","IEEE","IEEE Journals"
"Simultaneous optimization of renewable energy and energy storage capacity with the hierarchical control","Z. Shi; W. Wang; Y. Huang; P. Li; L. Dong","State Key Laboratory of Operation and Control of Renewable Energy and Storage Systems, China Electric Power Research Institute, Beijing, China; State Key Laboratory of Operation and Control of Renewable Energy and Storage Systems, China Electric Power Research Institute, Beijing, China; State Key Laboratory of Operation and Control of Renewable Energy and Storage Systems, China Electric Power Research Institute, Beijing, China; State Key Laboratory of Operation and Control of Renewable Energy and Storage Systems, China Electric Power Research Institute, Beijing, China; State Grid Qinghai Electric Power Company, Xining, China",CSEE Journal of Power and Energy Systems,"24 Jan 2022","2022","8","1","95","104","To fully consider the complementary role of different energy sources and reduce the curtailment of renewable energy (RE) in high RE penetration systems, a hierarchical optimization algorithm is proposed to simultaneously optimize the capacity of RE generation and energy storage systems (ESS). Time sequence simulation (TSS) technology is adopted to fully consider the regional RE resource characteristics and make the model more reliable. An optimization model for evaluating ESS capacity is established at a lower level. To overcome the high dimensional complexity of time sequence data, this paper re-formulates this sub-model as a consensus problem, which can be solved by a distributed approach to minimize the system's total investment costs. At the upper level, the model for assessing the proportion of wind and solar capacity is developed by maximizing the RE generation. The golden section Fibonacci tree optimization (GSFTO) algorithm is utilized to improve the efficiency and solution accuracy. The results show that the algorithm and model are feasible and applicable for the identified purposes, which can provide a useful guidance for the development of power generation and the energy storage capacity in high RE penetration systems.","3066-9308","","10.17775/CSEEJPES.2019.01470","","https://ieeexplore.ieee.org/stamp/stamp.jsp?arnumber=8993691","Consensus problem;energy storage;planning;renewable;time sequence simulation (TSS)","Optimization;Energy storage;Renewable energy sources;Reliability;Complexity theory;Distributed databases;Investment","","93","","","","13 Feb 2020","Jan. 2022","","CSEE","CSEE Journals"
"A Comprehensive Benchmark Model for Low-Voltage Distribution Networks With High CER Penetration Under Diverse Operating Scenarios","A. Makhalfih; C. Macana; R. P. Aguilera; E. Langham; I. Anwar Ibrahim","School of Electrical and Data Engineering, University of Technology Sydney, Broadway, NSW, Australia; Essential Energy, Port Macquarie, NSW, Australia; School of Electrical and Data Engineering, University of Technology Sydney, Broadway, NSW, Australia; Institute for Sustainable Futures, University of Technology Sydney, Broadway, NSW, Australia; Institute for Sustainable Futures, University of Technology Sydney, Broadway, NSW, Australia",IEEE Access,"19 Dec 2025","2025","13","","211845","211882","The rapid growth of consumer energy resources, such as rooftop photovoltaic systems, batteries, and electric vehicles, is reshaping low-voltage distribution networks. These technologies support decarbonisation and enhance decentralised energy resilience, but they also introduce challenges related to voltage regulation, thermal constraints, and fair export capacity. This paper presents a comprehensive benchmark framework that models photovoltaic systems, batteries, and electric vehicles within a low-voltage distribution network. The framework enables systematic assessment of their combined impacts and supports direct comparison of different smart-inverter operating modes and charging/discharging strategies for batteries and electric vehicles. A Python–OpenDSS co-simulation platform is developed to enable scalable analysis and to support advanced planning and regulatory studies. To demonstrate its capabilities, the framework is applied to a modified IEEE European low-voltage feeder containing 165 loads across 907 buses. Sixteen scenarios are examined to evaluate a range of consumer energy resource penetrations and smart-inverter control configurations. Results show that static export limits, although effective at preventing voltage and thermal violations, can lead to substantial curtailment up to 39% of potential photovoltaic generation in high-penetration scenarios. In contrast, volt-watt and volt-var controls reduce curtailment by up to 35% while maintaining voltage compliance. Batteries operating under time-of-use charging reduce curtailment by around 3%, while electric vehicles further enhance network flexibility, particularly under managed charging and vehicle-to-grid modes, though their effectiveness depends strongly on user availability and charging behaviour.","2169-3536","","10.1109/ACCESS.2025.3644142","Reliable Affordable Clean Energy (RACE) for 2030 as part of the Industrial Ph.D. Project(grant numbers:22.N2.P.0380); ","https://ieeexplore.ieee.org/stamp/stamp.jsp?arnumber=11299850","Low-voltage distribution networks;photovoltaic systems;batteries;electric vehicles;smart inverters","Batteries;Inverters;Voltage control;Distribution networks;Photovoltaic systems;Low voltage;Costs;Benchmark testing;Vehicle-to-grid;Vehicle dynamics","","4","","62","CCBY","15 Dec 2025","2025","","IEEE","IEEE Journals"
"A Guided Safe Reinforcement Learning Framework for Adaptive Energy Management in Green Hydrogen Production Systems","L. N. Mukena; T. Wanjekeche; A. T. Ndapuka","Electrical and Electronics Engineering Department, University of Namibia, Windhoek, Namibia; Electrical and Electronics Engineering Department, University of Namibia, Windhoek, Namibia; Electrical and Electronics Engineering Department, University of Namibia, Windhoek, Namibia",IEEE Access,"21 May 2026","2026","14","","75177","75197","The rapid expansion of variable renewable energy (VRE) presents both opportunities and challenges for sustainable energy systems. Green hydrogen is emerging as a key solution for large-scale storage and decarbonization of hard-to-electrify sectors. However, direct coupling of electrolyzers to VRE introduces operational volatility, accelerated degradation, and complex dispatch challenges that conventional rule-based and optimization-based methods cannot fully address. This paper proposes a Guided Safe Reinforcement Learning framework for adaptive energy management in green hydrogen systems. The method integrates Soft Actor-Critic (SAC) with a deterministic two-branch safety shield that ensures feasibility at execution time by construction, regardless of the action proposed by the policy, guaranteeing that battery state-of-charge limits and electrolyzer operating mode constraints are satisfied at every timestep. The framework further incorporates an intervention-aware corrective reward signal which converts each shield event into a structured learning signal and a Self-Guided Memory (SGM) mechanism that replays shield-corrected feasible transitions to bias the policy toward constraint-satisfying regions, causing shield intervention frequency to self-reduce as the policy improves. The framework is validated on a HOMER-sized green hydrogen system using year-long renewable profiles of Purros area in Namibia. Under identical safety enforcement and across four independent random seeds, the proposed guided agent achieves a 3.5% increase in hydrogen production (p = 0.003) and a 29.2% reduction in electrolyzer cycling cost (p = 0.007) relative to a shielded SAC baseline, with additional reductions in renewable curtailment (12.9%) and battery degradation cost (12.1%). Structural analysis further shows reduced ramp volatility, with mean electrolyzer ramp magnitude decreasing from 1.87 MW to 1.62 MW (14% reduction) and lower ramp dispersion. The guided agent also reduces the safety-shield intervention rate from 17.7% to 10.9%, indicating improved safety autonomy.","2169-3536","","10.1109/ACCESS.2026.3693117","","https://ieeexplore.ieee.org/stamp/stamp.jsp?arnumber=11517391","Green hydrogen;energy management system;safe reinforcement learning;soft actor-critic;electrolyzer schedule","Hydrogen;Licenses;Nuclear facility regulation;Batteries;Learning (artificial intelligence);Modeling;Costing;Costs;Optimization;Degradation","","1","","44","CCBY","13 May 2026","2026","","IEEE","IEEE Journals"
"Volatility-Aware Sizing and Seasonally Adaptive Control of Hybrid Energy Storage Using Multi-Horizon Forecasting in a Nordic Campus Microgrid","T. A. Shikdar; H. Laaksonen","School of Technology and Innovations, University of Vaasa, Vaasa, Finland; School of Technology and Innovations, University of Vaasa, Vaasa, Finland",IEEE Access,"29 May 2026","2026","14","","78757","78781","The electrification of heating, transportation, and buildings is transforming modern campuses into multi-energy environments where photovoltaic (PV) generation, electric-vehicle (EV) fast charging, and heat-pump (HP) loads interact across multiple timescales. These interactions introduce high volatility that conventional battery energy storage systems (BESS) and short-horizon forecasting techniques cannot manage effectively, particularly in Nordic climates with extreme seasonal irradiance and heating-dominated load patterns. This study develops a unified analytical–AI–optimization framework for sizing and controlling a hybrid battery energy storage system (HBSS) that integrates a fast-response supercapacitor/lithium titanate (SC/LTO) layer with a Li-ion energy storage layer. Volatility is quantified using three indicators: the PV Volatility Index (PVI), EV Fast-Charging Impact Factor (EFI), and Thermal Load Flexibility Index (TLFI) derived from a 3.5-year, 15-minute dataset from a Nordic university campus microgrid. A multi-horizon deep-learning model (HERA-4C), combining convolutional blocks, BiLSTM layers, and attention mechanisms, produces 1-, 4-, 24-, and 96-step forecasts and is embedded into a predictive energy-management and multi-objective optimization scheme using NSGA-II. The five-objective formulation minimizes annualized cost, CO2 emissions, grid import, Li-ion degradation, and unmet load. Results indicate that the optimal HBSS configuration ( $\approx 260$  kW SC/LTO and 200 kWh Li-ion) mitigates over 90% of PV–EV–HVAC volatility, reduces peak grid import by 72%, eliminates curtailment and unmet load, and achieves 15–22% annual cost reduction alongside a 14–18% decrease in CO2 emissions. Seasonal evaluation confirms enhanced winter reliability through adaptive state-of-charge management. The proposed framework provides a reproducible methodology for resilient HBSS design in operational campus microgrids and supports scalable smart-building applications under high-volatility conditions.","2169-3536","","10.1109/ACCESS.2026.3695607","","https://ieeexplore.ieee.org/stamp/stamp.jsp?arnumber=11533374","Hybrid BESS;volatility modeling;multi-horizon forecasting;predictive control;NSGA-II optimization;campus microgrid;seasonal operation","Modeling;Forecasting;Optimization;Loading;Energy;Batteries;Ions;kWh;Energy storage;Costing","","","","59","CCBY","21 May 2026","2026","","IEEE","IEEE Journals"
"Benefits of Multi-Terminal HVdc Under Extreme Conditions via Production Cost Modeling Analyses","Q. Nguyen; H. Li; P. Etingov; M. Elizondo; J. Zhu; X. Ke","Pacific Northwest National Laboratory, Richland, WA, USA; Hitachi Energy, Raleigh, NC, USA; Pacific Northwest National Laboratory, Richland, WA, USA; Pacific Northwest National Laboratory, Richland, WA, USA; Hitachi Energy, Raleigh, NC, USA; Pacific Northwest National Laboratory, Richland, WA, USA",IEEE Open Access Journal of Power and Energy,"25 Mar 2024","2024","11","","117","129","System operators rely on system flexibility to handle unexpected reliability and resilience events, ranging from excessive resource forecast errors to extreme events like heatwaves, earthquakes, and cyberattacks. This paper provides a production cost modeling (PCM) methodology to quantify contributions to system flexibility and economic benefits by controllable HVdc and multi-terminal HVdc (MTdc) transmission systems. First, the PCM model of a general MTdc grid is developed to be seamlessly added to existing scalable PCM model of an ac power system. Second, a method for modeling extreme operating conditions, including heatwave and wildfire, in PCM is presented. Finally, the planning 2030 Western Electricity Coordinating Council (WECC) system is used as an example to demonstrate the benefits of existing and future dc lines in point-to-point, radial, and meshed configurations. Under extreme system conditions including heatwave and wildfire, it is identified from the PCM simulation results that HVdc and MTdc transmission flexibility can provide substantial economic, reliability, and environmental benefits. These benefits include reductions up to 6.4% total generation cost, 8.6% unserved load, 50.3% renewable curtailment, 75% locational marginal price, and 4.0% CO2 emission amount.","2687-7910","","10.1109/OAJPE.2024.3376734","Pacific Northwest National Laboratory; Battelle for U.S. Department of Energy (DOE)(grant numbers:DE-AC05-76RL01830); ","https://ieeexplore.ieee.org/stamp/stamp.jsp?arnumber=10471538","High-voltage direct current (HVdc) transmission;production cost modeling (PCM);optimal power flow;extreme weather conditions","Phase change materials;HVDC transmission;Analytical models;Propagation losses;Load modeling;Costs;Generators;High-voltage techniques;Load flow","","9","","38","CCBY","13 Mar 2024","2024","","IEEE","IEEE Journals"
"Data-Driven Load Modeling to Analyze the Frequency of System Including Demand Response: A Colombian Study Case","A. Arango-Manrique; L. Lopez; J. Ramirez-Ortiz; I. Oliveros","Department of Electrical and Electronics Engineering, Universidad del Norte, Barranquilla, Colombia; Center for Energy Science and Technology (CEST), Skolkovo Institute of Science and Technology, Moscow, Russia; Department of Electrical and Electronics Engineering, Universidad del Norte, Barranquilla, Colombia; Department of Electrical and Electronics Engineering, Universidad del Norte, Barranquilla, Colombia",IEEE Access,"5 Apr 2021","2021","9","","50332","50343","This paper analyzes the potential impact of implementing demand response strategies in a power system. This work aims to present a methodology to evaluate three demand response models to reduce frequency variations in the system. The method starts with the modeling of the system load and the demand response strategies. The power loads are modeled through active power and reactive power measurements in the system's different buses. A data-driven methodology is proposed to obtain three profiles that simulate residential, commercial, and industrial users' behavior. Mathematical modeling is proposed for demand response strategies. Time of Use tariff, Solar PV Distributed Generation, and Load Curtailment are the strategies used for residential, commercial, and industrial users, respectively. A brand-new combination of scenarios is developed in this paper with different penetration levels of the demand response strategy. Besides, a novel analysis of the frequency profile is performed for the proposed scenarios. A modified IEEE-39 power system is proposed, adjusting generation and demand using the Colombian demand profile and the generating units' energy mix. The results indicate that the implementation of demand response strategies improves the system's frequency profile. The frequency drop was reduced by 11.4 %, and power generator units released up to 2.1 GWh through the day with the implementation of the DR strategies.","2169-3536","","10.1109/ACCESS.2021.3069006","Directorate of Research, Development and Innovation-DIDI through the Project “Internal Agenda 2019 Code 2019-10”; Colombian Institute for the Development of Science and Technology Francisco José de Caldas-Colciencias Code (57598)(grant numbers:037-2018); ","https://ieeexplore.ieee.org/stamp/stamp.jsp?arnumber=9387328","Demand response;load management;frequency analysis;renewable energy;DR strategies","Biological system modeling;Load management;Reactive power;Power systems;Load modeling;Electricity supply industry;Distributed power generation","","3","","49","CCBY","26 Mar 2021","2021","","IEEE","IEEE Journals"
"Optimization of a grid-connected hybrid energy system with battery storage for hydrogen production in South Africa","E. Mukon; K. S. Garner","Department of Electrical and Electronic Engineer-ing, Stellenbosch University, Cape Town, 7600, South Africa; Department of Electrical and Electronic Engineer-ing, Stellenbosch University, Cape Town, 7600, South Africa",SAIEE Africa Research Journal,"22 Jul 2025","2025","116","3","125","134","This paper presents an optimization study for a grid-connected hybrid energy system combining wind, solar PV, and a battery energy storage system (BESS) for hydrogen production. To address the intermittency of wind and solar resources, the grid compensates for insufficient energy to meet the electrolyzer load demand, while excess or curtailed energy is stored in the BESS to enhance reliability. The study employs a constrained multi-objective non-dominated genetic algorithm within the Python-based Pymoo framework. The optimization identifies an ideal grid-connected hybrid energy system with minimized electricity costs and maximized efficiency at high reliability. Subsequently, the BESS is optimized to reduce storage and electricity costs while maintaining reliability. The optimized BESS is successfully integrated into the hybrid system. Cost of electricity and reliability are assessed based on time-of-use tariffs and loss of power supply probability, respectively. Using a 2 MW proton exchange membrane electrolyzer, the study achieves a highly efficient hybrid system with the BESS applied to six Renewable Energy Development Zones in South Africa. Including the BESS reduces electricity costs, improves reliability, and lowers curtailment ratios by 40–66%.","1991-1696","","10.23919/SAIEE.2025.11090062","","https://ieeexplore.ieee.org/stamp/stamp.jsp?arnumber=11090062","Battery Energy Storage System;Cost of Electricity and Storage;Non-dominated Sorting Algorithm;Pymoo;Reliability;Renewable Energy","Costs;Reliability;Optimization;Electricity;Wind turbines;Production;Green hydrogen;Genetic algorithms;Linear programming;Energy management systems","","2","","","","22 Jul 2025","Sept. 2025","","SAIEE","SAIEE Journals"
"An Adaptive Multi-Objective Decision System With Reinforcement Learning for PV-ESS Sizing and Operation for Grid-Connected Industrial PV-ESS Systems in Distribution Networks","A. C. Zournatzis; E. P. Nicolopoulou; V. T. Kontargyri; C. A. Christodoulou","School of Electrical and Computer Engineering, National Technical University of Athens, Athens, Greece; School of Electrical and Computer Engineering, National Technical University of Athens, Athens, Greece; Department of Electrical and Computer Engineering, Faculty of Engineering, University of West Attica, Athens, Greece; School of Electrical and Computer Engineering, National Technical University of Athens, Athens, Greece",IEEE Access,"28 Aug 2025","2025","13","","148547","148558","The integration of photovoltaic (PV) systems with energy storage systems (ESS) introduces complex design and operational challenges due to the stochastic nature of solar generation and the dynamic behavior of energy markets. This paper presents a reinforcement learning -enhanced Decision Support System (DSS). The system jointly addresses the optimal sizing and real-time control of PV-ESS configurations. The proposed framework combines a multi-objective optimization core with a policy-gradient RL agent. This agent jointly optimizes operational decisions and dynamically adjusts the weights in the multi-objective function—based on real-time feedback and system state—to reflect the relative importance of competing objectives such as cost, emissions, curtailment and battery degradation. These adjustments reflect evolving environmental, market and load conditions. Historical and real-time data from utility-scale PV parks and industrial consumers inform the learning process, ensuring policy relevance and robustness. The system is designed for grid-connected industrial sites embedded in distribution networks, where node-level optimization can indirectly support peak reduction, load smoothing and demand-side flexibility at the network level. The system utilizes a policy-gradient reinforcement learning agent with adaptive weight tuning to balance conflicting objectives. Simulation results over a two-year horizon demonstrate that the proposed RL-DSS reduces average energy costs by up to 35%, increases PV self-consumption above 70% and lowers curtailed energy below 8%, outperforming static and rule-based strategies. The results validate the potential of RL-based decision systems to enable scalable, flexible and economically viable energy management under real-world uncertainty. Future work includes integration with probabilistic forecasting models and distributed multi-agent coordination, where each industrial node may act as an autonomous RL agent contributing to cooperative grid-level objectives.","2169-3536","","10.1109/ACCESS.2025.3600985","","https://ieeexplore.ieee.org/stamp/stamp.jsp?arnumber=11131130","Adaptive multi-objective optimization;battery energy storage systems;decision support system;demand side management;energy storage expansion;industrial load profiles;PV-ESS sizing and control;real-time energy management;reinforcement learning;smart grid;distribution networks","Decision support systems;Optimization;Reinforcement learning;Real-time systems;Costs;Batteries;Adaptive systems;Forecasting;Distribution networks;Load modeling","","7","","54","CCBY","20 Aug 2025","2025","","IEEE","IEEE Journals"
"A regulating capacity determination method for pumped storage hydropower to restrain PV generation fluctuations","S. Zhang; Y. Xiang; J. Liu; J. Liu; J. Yang; X. Zhao; S. Jawad; J. Wang","State Grid Chengdu Power Supply Company, Chengdu, China; College of Electrical Engineering, Sichuan University, Chengdu, China; College of Electrical Engineering, Sichuan University, Chengdu, China; College of Electrical Engineering, Sichuan University, Chengdu, China; College of Electrical Engineering, Sichuan University, Chengdu, China; College of Electrical Engineering, Sichuan University, Chengdu, China; College of Electrical Engineering, Sichuan University, Chengdu, China; State Grid Chengdu Power Supply Company, Chengdu, China",CSEE Journal of Power and Energy Systems,"24 Jan 2022","2022","8","1","304","316","The variable speed and constant frequency pumped storage hydropower (PSH) unit can strongly support the complementation and joint power supply of cascaded hydropower and photovoltaic (PV) plants. Its fast response capability has provided a feasible solution for the rapid power and voltage regulation caused by real-time fluctuations of PV systems. However, currently there is a lack of research on precise evaluation on regulation capability and regulating capacity configuration for PSH to restrain the real-time fluctuations. In this paper, a cascaded hydro-PV-PSH complementary joint power system (CHPP) is studied, and a ""rule-based"" method for regulating capacity determination is proposed. A combined statistical technique is introduced to analyze the initial estimated regulating capacity of PSH. A continuous cyclic revision method is adopted to renew the ideal PV curve by repeatedly using the main operating constraints until an optimal regulating capacity of PSH matching the PV generation scale is achieved. The results of the case study verified the feasibility and effectiveness of PSH for restraining the fast fluctuations of PV systems in real-time, and the configuration between PV and PSH regulating capacity is obtained with real-time application requirements. Finally, analyses including weather conditions, curtailed energy and electricity shortage, the sensitivity analysis, and state transition frequency are presented to demonstrate the robustness of this study.","3066-9308","","10.17775/CSEEJPES.2020.01930","","https://ieeexplore.ieee.org/stamp/stamp.jsp?arnumber=9215196","Cascaded hydro-PV complementation;Operating state transition;pumped storage hydropower;PV Real-time fluctuation;regulating capacity configuration","Fluctuations;Real-time systems;Hydroelectric power generation;Power supplies;Reservoirs;Hybrid power systems","","25","","","","6 Oct 2020","Jan. 2022","","CSEE","CSEE Journals"
"Optimization of Multi-Energy Grid Integration and Energy Storage in Low-Carbon Power Systems Based on the TCM-MBZOA Algorithm: A Case Study of Yunnan Province","Y. Li; G. Zhou; J. Xue; J. Yang; S. Yin","Dali Bureau, China Southern Power Grid Ultra High Voltage Transmission Company, Dali, Yunnan, China; Dali Bureau, China Southern Power Grid Ultra High Voltage Transmission Company, Dali, Yunnan, China; Dali Bureau, China Southern Power Grid Ultra High Voltage Transmission Company, Dali, Yunnan, China; Longxin Science and Technology Group Company Ltd., Wuxi, Jiangsu, China; Faculty of Civil Aviation and Aeronautics, Kunming University of Science and Technology, Kunming, Yunnan, China",IEEE Access,"6 Aug 2025","2025","13","","135669","135688","With the rapid transition toward green and low-carbon energy systems, efficient scheduling of power systems is crucial for improving energy utilization and reducing carbon emissions. However, existing converter stations still rely heavily on single-source energy models, which limit the integration of renewables and lead to high carbon footprints. To address this limitation, this paper proposes a multi-source coordinated optimization strategy based on a bi-level programming model and an improved tent chaotic mapping-memory backtracking zebra optimization algorithm (TCM-MBZOA). The outer model maximizes the annual revenue of third-party energy storage operators, while the inner model minimizes operational costs, carbon emissions, and renewable energy curtailment within multiple virtual power plants. The TCM-MBZOA enhances the algorithm’s performance through Tent Chaotic Mapping for diverse initialization, a Memory-Backtracking Strategy for adaptive exploration, and an Adaptive T-Distribution for improved convergence. Applied to a real converter station in Yunnan Province, the proposed method achieves a 10.51% reduction in total energy consumption and significantly improves photovoltaic utilization and energy storage efficiency, outperforming benchmark algorithms. The results demonstrate the practical effectiveness and engineering feasibility of the proposed strategy in enabling low-carbon, high-efficiency operation of modern power systems.","2169-3536","","10.1109/ACCESS.2025.3592970","Digital Operation (Personalization) Construction Project of China Southern Power Grid Co., Ltd.—“Green Converter Station” Digital Operation and Maintenance Algorithm and Application Development(grant numbers:011000HK23110002); ","https://ieeexplore.ieee.org/stamp/stamp.jsp?arnumber=11097322","Energy optimization model;low-carbon power system;multi-source cooperative scheduling;Zebra optimization algorithm","Optimization;Carbon dioxide;Biological system modeling;Power system stability;Costs;Renewable energy sources;Optimization models;Load modeling;Job shop scheduling;Energy consumption","","1","","41","CCBY","28 Jul 2025","2025","","IEEE","IEEE Journals"
"Stochastic Security-constrained Unit Commitment Considering Electric Vehicles, Energy Storage Systems, and Flexible Loads with Renewable Energy Resources","A. G. Trojani; J. M. Baigi; M. S. Moghaddam","Electrical Engineering Department, Damghan Branch, Islamic Azad University, Damgham, Iran; Electrical Engineering Department, Damghan Branch, Islamic Azad University, Damgham, Iran; Electrical Engineering Department, Damghan Branch, Islamic Azad University, Damgham, Iran",Journal of Modern Power Systems and Clean Energy,"20 Sep 2023","2023","11","5","1405","1414","In this paper, a new formulation for modeling the problem of stochastic security-constrained unit commitment along with optimal charging and discharging of large-scale electric vehicles, energy storage systems, and flexible loads with renewable energy resources is presented. The uncertainty of renewable energy resources is considered as a scenario-based model. In this paper, a multi-objective function which considers the reduction of operation cost, no-load and startup/shutdown costs, unserved load cost, load shifting, carbon emission, optimal charging and discharging of energy storage systems, and power curtailment of renewable energy resources is considered. The proposed formulation is a mixed-integer linear programming (MILP) model, of which the optimal global solution is guaranteed by commercial solvers. To validate the proposed formulation, several cases and networks are considered for analysis, and the results demonstrate the efficiency.","2196-5420","","10.35833/MPCE.2022.000781","","https://ieeexplore.ieee.org/stamp/stamp.jsp?arnumber=10106620","Electric vehicle;energy storage system;flexible load;renewable energy resource;unit commitment","Renewable energy sources;Costs;Load modeling;Stochastic processes;Security;Uncertainty;Voltage","","15","","22","","21 Apr 2023","September 2023","","SGEPRI","SGEPRI Journals"
"Multi-objective Dynamic Reconfiguration for Urban Distribution Network Considering Multi-level Switching Modes","H. Gao; W. Ma; Y. Xiang; Z. Tang; X. Xu; H. Pan; F. Zhang; J. Liu","College of Electrical Engineering, Sichuan University, Chengdu, China; College of Electrical Engineering, Sichuan University, Chengdu, China; Iowa State University, Ames, Iowa, USA; College of Electrical Engineering, Sichuan University, Chengdu, China; Key Laboratory of Smart Grid of Ministry of Education, Tianjin University, Tianjin, China; College of Electrical Engineering, Sichuan University, Chengdu, China; College of Electrical Engineering, Sichuan University, Chengdu, China; College of Electrical Engineering, Sichuan University, Chengdu, China",Journal of Modern Power Systems and Clean Energy,"27 Sep 2022","2022","10","5","1241","1255","The increasing integration of photovoltaic generators (PVGs) and the uneven economic development in different regions may cause the unbalanced spatial-temporal distribution of load demands in an urban distribution network (UDN). This may lead to undesired consequences, including PVG curtailment, load shedding, and equipment inefficiency, etc. Global dynamic reconfiguration provides a promising method to solve those challenges. However, the power flow transfer capabilities for different kinds of switches are diverse, and the willingness of distribution system operators (DSOs) to select them is also different. In this paper, we formulate a multi-objective dynamic reconfiguration optimization model suitable for multi-level switching modes to minimize the operation cost, load imbalance, and the PVG curtailment. The multi-level switching includes feeder-level switching, transformer-level switching, and substation-level switching. A novel load balancing index is devised to quantify the global load balancing degree at different levels. Then, a stochastic programming model based on selected scenarios is established to address the uncertainties of PVGs and loads. Afterward, the fuzzy c-means (FCMs) clustering is applied to divide the time periods of reconfiguration. Further-more, the modified binary particle swarm optimization (BPSO) and Cplex solver are combined to solve the proposed mixed-in-teger second-order cone programming (MISOCP) model. Numerical results based on the 148-node and 297-node systems are obtained to validate the effectiveness of the proposed method.","2196-5420","","10.35833/MPCE.2020.000870","National Natural Science Foundation of China(grant numbers:52077146); ","https://ieeexplore.ieee.org/stamp/stamp.jsp?arnumber=9497859","Binary particle swarm optimization (BPSO);dynamic reconfiguration;multi-level switching;mixed-integer second-order cone programming (MISOCP);urban distribution network (UDN)","Xenon;Switches;Load modeling;Programming;Particle swarm optimization;Uncertainty;Stochastic processes","","15","","24","","27 Jul 2021","September 2022","","SGEPRI","SGEPRI Journals"
"Coordinated Generation and Transmission Expansion Planning With Energy Storage Systems to Facilitate High Penetration of Renewable Energy","A. Ali; M. Yousif; M. Numan; S. Ali Abbas Kazmi","Department of Electrical Power Engineering, U.S.-Pakistan Center for Advanced Studies in Energy, National University of Sciences and Technology (NUST), Islamabad, Pakistan; Department of Electrical Power Engineering, U.S.-Pakistan Center for Advanced Studies in Energy, National University of Sciences and Technology (NUST), Islamabad, Pakistan; Department of Electrical Power Engineering, U.S.-Pakistan Center for Advanced Studies in Energy, National University of Sciences and Technology (NUST), Islamabad, Pakistan; Department of Electrical Power Engineering, U.S.-Pakistan Center for Advanced Studies in Energy, National University of Sciences and Technology (NUST), Islamabad, Pakistan",IEEE Access,"16 Oct 2025","2025","13","","176801","176812","Renewable energy sources (RES) integration in power system has increased globally in recent years and renewable portfolio standards (RPS) are broadly adopted to encourage further investments in RES. However, large-scale integration of these variable energy sources poses several challenges to network operators. Traditional planning models also do not lead to economic expansion plans at high integration of renewable energy due to renewable energy curtailments. Researchers have incorporated several techniques, such as dynamic line rating and demand side management, into network expansion planning for effective utilization of RES, but these techniques are not effective at high penetration of renewable energy. There is growing interest in energy storage system (ESS) due to its ability to deal with intermittency issues of RES by storing excess energy when available and delivering back during peak hours. This paper introduces a coordinated generation, transmission, and storage expansion planning model, formulated as a mixed integer linear programming (MILP) optimization problem. The proposed model is used to study the economic impact of co-optimizing investments in these three asset classes subject to RPS targets up to 75%. We also analyze impact of ESS on CO2 emissions from thermal sources and on overall network performance. The proposed model is implemented on a modified IEEE 24-bus system, and numerical results show that up to 16.2% total cost savings can be achieved at 75% RPS by utilizing the existing network more optimally compared to the case when no ESS investments are considered. Furthermore, renewable curtailments are significantly reduced at high RPS levels with ESS integration, and overall network utilization is also improved.","2169-3536","","10.1109/ACCESS.2025.3617374","HEC through Research Funding Project(grant numbers:CRG P2-287); ","https://ieeexplore.ieee.org/stamp/stamp.jsp?arnumber=11192286","Energy storage systems;mixed integer linear programming;network expansion planning;investment return period;renewable energy sources;renewable portfolio standards","Renewable energy sources;Investment;Costs;Renewable Portfolio Standard;Planning;Biological system modeling;Power transmission lines;Indexes;Generators;Energy storage","","13","","35","CCBYNCND","6 Oct 2025","2025","","IEEE","IEEE Journals"
"Transient Stable Corrective Control Using Neural Lyapunov Learning","F. Bellizio; J. L. Cremer; G. Strbac","Electrical & Electronic Engineering, Imperial College London, London, U.K.; Electrical Sustainable Energy, Delft University of Technology, Delft, The Netherlands; Electrical & Electronic Engineering, Imperial College London, London, U.K.",IEEE Transactions on Power Systems,"19 Jun 2023","2023","38","4","3245","3253","This paper proposes a method to compute corrective control actions for dynamic security in real-time and quantifies the economic value of corrective control. Lowered inertia requires fast control methods in real-time to correct system operation and maintain system security when equipment fails. However, using corrective control beyond such emergency failure measures does not make fully use of them. The key contribution of this work is the optimal use of corrective control applications in combination with preventive strategies to enhance the network utilisation, reduce the normal operating costs while maintaining adequate security levels. The proposed approach learns a neural network for safety certificates and models the predicted safe dynamic post-fault state as algebraic constraints in an AC optimal power flow (OPF) deciding close to real-time on the optimal corrective control. Considering these safety constraints within the ACOPF can balance simultaneously the system transient stability with the costs for preventive and corrective control. This proposed approach outperforms sub-optimal approaches aiming at sequentially finding the balance. Case studies were based on the IEEE 9-bus system with integrated electrical vehicles and shares of wind power up-to 40% and on the IEEE 39-bus and 118-bus systems. The proposed approach outperforms baseline control approaches in stability, economics, and carbon emissions. One baseline approach was preventive wind curtailment, against which the proposed approach reduced operating costs by up-to 60%, decreased unstable operations by 50% and reduced carbon emissions by 60% in the IEEE 9-bus. In the IEEE 39-bus and 118-bus systems, the approach was promising for larger systems.","1558-0679","","10.1109/TPWRS.2022.3204459","","https://ieeexplore.ieee.org/stamp/stamp.jsp?arnumber=9878088","Neural networks;lyapunov functions;optimal power flow;transient stability assessment;corrective control","Power system stability;Lyapunov methods;Transient analysis;Real-time systems;Artificial neural networks;Stability criteria;Power system dynamics","","4","","38","CCBYNCND","5 Sep 2022","July 2023","","IEEE","IEEE Journals"
"Cloud-Edge Collaborative Forecasting for Industrial Photovoltaic-Storage-Charging Systems","D. Guo; Z. Yang; X. Dong; X. Meng; G. Yu; Y. Zheng","School of Mechanical Engineering, University of Shanghai for Science and Technology, Shanghai, China; School of Mechanical Engineering, University of Shanghai for Science and Technology, Shanghai, China; Haier New Energy Technology Co., Ltd., Qingdao, China; School of Mechanical Engineering, University of Shanghai for Science and Technology, Shanghai, China; Haier New Energy Technology Co., Ltd., Qingdao, China; School of Mechanical Engineering, University of Shanghai for Science and Technology, Shanghai, China",Chinese Journal of Electrical Engineering,"7 Apr 2026","2026","12","1","171","184","With the growing integration of renewable energy into modern power grids, photovoltaic (PV) power has emerged as a pivotal element that is frequently coupled with energy-storage systems to enhance dispatch efficiency. However, the inherent variability in PV power generation and user load present significant challenges for accurate system scheduling. A key difficulty is that the PV output is often subject to artificial power curtailment, creating a non-linear relationship with solar irradiance, whereas charging loads exhibit distinct patterns between weekdays and weekends. To address this problem, a cloud-edge collaborative prediction system is proposed to implemented in a local energy management system (EMS). This system adopts a meta-learning-based multihead regression model that integrates XGBoost, support vector regression, random forest, CatBoost, and a multilayer perceptron. For PV power prediction, historical rolling lag features are introduced to capture the curtailment patterns. For load prediction, time-based features are designed to reflect the behavioral habits of electricity consumption over time. The system is successfully deployed at a charging station in the Haier Industrial Park. A practically validated solution is demonstrated for addressing uncertainties in integrated energy systems, along with the effectiveness of edge-deployed algorithms in optimizing storage strategies and reducing operational costs.","2836-4619","","10.23919/CJEE.2026.000022","National Natural Science Foundation of China(grant numbers:52507260,52277222); ","https://ieeexplore.ieee.org/stamp/stamp.jsp?arnumber=11476956","PV forecasting;load forecasting;electric vehicle charging;energy management system;edge computing","Filtering;System-on-chip;Filters;Application specific integrated circuits;Internet of Things;Radio frequency;Smart devices;Protocols;Communication systems;Internet","","1","","43","","7 Apr 2026","March 2026","","CMP","CMP Journals"
"Optimal Energy Reserve Scheduling in Integrated Electricity and Gas Systems Considering Reliability Requirements","H. Hui; M. Bao; Y. Ding; Y. Yang; Y. Xue","College of Electrical Engineering, Zhejiang University, Hangzhou, China; College of Electrical Engineering, Zhejiang University, Hangzhou, China; College of Electrical Engineering, Zhejiang University, Hangzhou, China; Department of Industrial Systems Engineering and Management, National University of Singapore, Singapore; State Grid Electric Power Research Institute, Nanjing, China",Journal of Modern Power Systems and Clean Energy,"21 Nov 2022","2022","10","6","1494","1506","With the growing interdependence between the electricity system and the natural gas system, the operation uncertainties in either subsystem, such as wind fluctuations or component failures, could have a magnified impact on the reliability of the whole system due to energy interactions. A joint reserve scheduling model considering the cross-sectorial impacts of operation uncertainties is essential but still insufficient to guarantee the reliable operation of the integrated electricity and natural gas system (IEGS). Therefore, this paper proposes a day-ahead security-constrained unit commitment (SCUC) model for the IEGS to schedule the operation and reserve si-multaneously considering reliability requirements. Firstly, the multi-state models for generating units and gas wells are established. Based on the multi-state models, the expected unserved energy cost (EUEC) and the expected wind curtailment cost (EWC) criteria are proposed based on probabilistic methods considering wind fluctuation and random failures of components in IEGS. Furthermore, the EUEC and EWC criteria are incorporated into the day-ahead SCUC model, which is noncon-vex and mathematically reformulated into a solvable mixed-integer second-order cone programming (MISOCP) problem. The proposed model is validated using an IEEE 30-bus system and Belgium 20-node natural gas system. Numerical results demonstrate that the proposed model can effectively schedule the energy reserve to guarantee the reliable operation of the IEGS considering the multiple uncertainties in different subsystems and the cross-sectorial failure propagation.","2196-5420","","10.35833/MPCE.2021.000028","","https://ieeexplore.ieee.org/stamp/stamp.jsp?arnumber=9584449","Integrated electricity and natural gas system (IEGS);natural gas reserve;electric reserve;expected unserved energy cost;expected wind curtailment;multi-state model;operational reliability","Reliability;Power system reliability;Natural gas;Uncertainty;Wind power generation;Probabilistic logic;Modeling","","4","","31","","22 Oct 2021","November 2022","","SGEPRI","SGEPRI Journals"
"Truncated Strategy Based Dynamic Network Pricing for Energy Storage","X. Yan; H. Zhang; C. Gu; N. Liu; F. Li; Y. Song","State Key Laboratory of Alternate Electrical Power System with Renewable Energy Sources, North China Electric Power University, Beijing, China; State Key lab of Internet of Things for Smart City, University of Macau, Macau, China; Department of Electronic and Electrical Engineering, University of Bath, Bath, U.K.; State Key Laboratory of Alternate Electrical Power System with Renewable Energy Sources, North China Electric Power University, Beijing, China; Department of Electronic and Electrical Engineering, University of Bath, Bath, U.K.; State Key lab of Internet of Things for Smart City, University of Macau, Macau, China",Journal of Modern Power Systems and Clean Energy,"27 Mar 2023","2023","11","2","544","552","With the increasing penetration of local renewable energy and flexible demand, the system demand is more unpredictable and causes network overloading, resulting in costly system investment. Although the energy storage (ES) helps reduce the system peak power flow, the incentive for ES operation is not sufficient to reflect its value on the system investment deferral resulting from its operation. This paper designs a dynamic pricing signal for ES based on the truncated strategy under robust operation corresponding to the network charge reduction. Firstly, the operation strategy is designed for ES to reduce the total network investment cost considering the uncertainties of flexible load and renewable energy. These nodal uncertainties are converted into branch power flow uncertainties by the cumulant and Gram-Charlier expansion strategy. Then, a time of use (ToU) pricing scheme is designed to guide the ES operation reflecting its impact on network investment based on the long-run investment cost (LRIC) pricing scheme. The proposed ToU LRIC method allocates the investment costs averagely to network users over the potential curtailment periods, which connects the ES operation with network investment. The curtailment amount and the distribution of power flow are assessed by the truncated strategy considering the impact of uncertainties. As demonstrated in a Grid Supply Point (GSP) distribution network in the UK, the network charges at the peak time reduce more than 20% with ES operation. The proposed method is cost-reflective and ensures the fairness and efficiency of the pricing signal for ES.","2196-5420","","10.35833/MPCE.2021.000631","National Natural Science Foundation of China(grant numbers:52107090); Fundamental Research Funds for the Central Universities(grant numbers:JB2021007); ","https://ieeexplore.ieee.org/stamp/stamp.jsp?arnumber=9734005","Energy storage;network investment;renewable energy;robust optimization;uncertainty","Uncertainty;Investment;Costs;Pricing;Load flow;Renewable energy sources;Optimization","","1","","27","","14 Mar 2022","March 2023","","SGEPRI","SGEPRI Journals"
"Decentralized Voltage and Var Control of Active Distribution Network Based on Parameter-Sharing Deep Reinforcement Learning","B. Zhang; C. He","College of Electrical Engineering and New Energy, China Three Gorges University, Yichang, China; College of Electrical Engineering and New Energy, China Three Gorges University, Yichang, China",IEEE Access,"10 Jul 2025","2025","13","","115090","115101","This work introduces a Parameter Sharing - twin-delay deep deterministic policy gradient (PS-TD3) method for carrying out decentralized voltage and var control in active distribution networks. The more renewable energies are integrated, the more Active Distribution Networks (ADNs) are at risk of instability. Most optimization techniques depend on accurate uncertainty models and take a long time to produce results. By allowing agents to share parts of their neural network, the proposed Parameter Sharing - twin-delay deep deterministic policy gradient algorithm improves the stability and efficiency of voltage regulation. Importantly, the framework makes it possible to add new actions, such as reducing Photovoltaic (PV) output, when traditional ways (adjusting reactive power and turning off wind power) are not enough. Also, when looking at the financial side of energy trading under net metering, Energy Storage System (ESS) operations are organized to even out the costs of charging and discharging. The results from IEEE 33-node simulations show that the approach reduces voltage fluctuations and lowers power loss better than other methods. The findings indicate that parameter-sharing helps agents work together, so large-scale Active Distribution Networks can use decentralized voltage control more efficiently. The framework allows the action space to change by including other control variables, such as reducing photovoltaic output when regular actions such as reactive power increase and wind curtailment do not support voltage stability.","2169-3536","","10.1109/ACCESS.2025.3584129","","https://ieeexplore.ieee.org/stamp/stamp.jsp?arnumber=11058929","Voltage and var control (VVC);voltage regulation;parameter sharing;deep reinforcement learning;twin-delay deep deterministic policy gradient algorithm","Voltage control;Reactive power;Distribution networks;Deep reinforcement learning;Inverters;Costs;Energy storage;Biological system modeling;Aerospace electronics;Static VAr compensators","","5","","47","CCBY","30 Jun 2025","2025","","IEEE","IEEE Journals"
"Multi-Objective Optimization Strategy of Integrated Electric-Heat System Based on Energy Storage Situation Division","X. Liu; F. Zhang; Q. Sun; W. Zhong","College of Information Science and Engineering, Northeastern University, Shenyang, China; College of Information Science and Engineering, Northeastern University, Shenyang, China; College of Information Science and Engineering, Northeastern University, Shenyang, China; College of Information Science and Engineering, Northeastern University, Shenyang, China",IEEE Access,"17 Feb 2021","2021","9","","19004","19024","There are the transmission loss of the electric power network, the delay and loss of the heating network, the insufficient utilization of flexible resources such as energy storage in the integrated electric-heat system, which may lead to the imbalance of supply and demand and energy waste. In this paper, the coordinated dispatch of integrated electric-heat system (IEHS) considering the transmission characteristics of the electric power network and heating network, which is formulated as a convex quadratic program. The strong linkage of electric power and heat supplies can be decoupled to reduce wind power curtailment by exploiting the energy storage and regulation capabilities of the district heating network (DHN), storage batteries, electric boilers (EBs) and heat storage tanks (HSs). The energy storage system works according to the situation division strategy designed in this paper. This paper introduces the wind curtailment boundary power and optimizes dispatch based on the wind curtailment boundary power and unit output, which can make full use of the energy storage capacity and reduce the wind abandonment power. Since the electric power system (EPS) and the distribution heating system (DHS) are controlled separately by different operation organizations, IEHS is solved using double-λ iterative algorithm. The double-λ iterative algorithm, with guaranteed convergence for convex programs, can achieve a fully distributed solution for the IEHS and requires only a small amount boundary information exchange between the EPS and the DHS. At last, one integrated electric-heat system was studied to demonstrate the effectiveness of the proposed method which achieves the effective solution in a moderate number of iterations. This system includes two 10-nodes heating system and one 14-nodes electric power system.","2169-3536","","10.1109/ACCESS.2021.3054532","National Key Research and Development Program of China(grant numbers:2018YFA0702200,2018YFB1700500); Fundamental Research Funds for the Central Universities(grant numbers:N2004013); ","https://ieeexplore.ieee.org/stamp/stamp.jsp?arnumber=9335557","Integrated electric-heat system;energy storage situation;network transmission characteristics;wind power accommodation;double-λ iterative algorithm","Cogeneration;Heating systems;Resistance heating;Power systems;Batteries;Optimization;Iterative methods","","17","","37","CCBYNCND","25 Jan 2021","2021","","IEEE","IEEE Journals"
"Optimal Design of Hybrid Microgrid in Isolated Communities of Ecuador","L. A. Pesantes; R. Hidalgo-León; J. Rengifo; M. Torres; J. Aragundi; J. Cordova-Garcia; L. F. Ugarte","Facultad de Ingeniería en Electricidad y Computación of Escuela Superior Politécníca del Litoral (ES-POL) University, Guayaquil, Ecuador; Facultad de Ingeniería en Electricidad y Computación of Escuela Superior Politécníca del Litoral (ES-POL) University, Guayaquil, Ecuador; Department of Electrical Engineering at, Universidad Técnica Federico Santa María, Santiago, Chile; Facultad de Ingeniería en Electricidad y Computación of Escuela Superior Politécníca del Litoral (ES-POL) University, Guayaquil, Ecuador; Facultad de Ingeniería en Electricidad y Computación of Escuela Superior Politécníca del Litoral (ES-POL) University, Guayaquil, Ecuador; Facultad de Ingeniería en Electricidad y Computación of Escuela Superior Politécníca del Litoral (ES-POL) University, Guayaquil, Ecuador; Facultad de Ingeniería en Electricidad y Computación of Escuela Superior Politécníca del Litoral (ES-POL) University, Guayaquil, Ecuador",Journal of Modern Power Systems and Clean Energy,"25 Mar 2024","2024","12","2","488","499","In rural territories, the communities use energy sources based on fossil fuels to supply themselves with electricity, which may address two main problems: greenhouse gas emissions and high fuel prices. Hence, there is an opportunity to include renewable resources in the energy mix. This paper develops an optimization model to determine the optimal sizing, the total annual investment cost in renewable generation, and other operating costs of the components of a hybrid microgrid. By running a k-means clustering algorithm on a meteorological dataset of the community under study, the hourly representative values become input parameters in the proposed optimization model. The method for the optimal design of hybrid microgrid is analyzed in six operating scenarios considering: (1) 24-hour continuous power supply; (2) load shedding percentage; (3) disel power generator (genset) curtailment; (4) the worst meteorological conditions; (5) the use of renewable energy sources including battery energy storage systems (BESSs); and (6) the use of genset. A mathematical programming language (AMPL) tool is used to find solutions of the proposed optimization model. Results show that the total costs of microgrid in the scenarios that cover 100% of the load demand (without considering the scenario with 100% renewables) increase by over 16% compared with the scenario with genset operation limitation. For the designs with power supply restrictions, the total cost of microgrid in the scenario with load shedding is reduced by over 27% compared with that without load shedding.","2196-5420","","10.35833/MPCE.2023.000733","","https://ieeexplore.ieee.org/stamp/stamp.jsp?arnumber=10478755","Battery energy storage system (BESS);isolated community;microgrid;renewable energy;optimization","Costs;Battery energy storage system;Electricity;Power quality;Clustering algorithms;Microgrids;Load shedding","","7","","54","","25 Mar 2024","March 2024","","SGEPRI","SGEPRI Journals"
"A Unit Commitment Model Considering the Flexibility Retrofit of Combined Heat and Power Units for Wind Integration","L. You; X. Jin; Y. Liu","China Energy Engineering Group, Guangdong Electric Power Design Institute Company Ltd., Guangzhou, Guangdong, China; China Energy Engineering Group, Guangdong Electric Power Design Institute Company Ltd., Guangzhou, Guangdong, China; China Energy Engineering Group, Guangdong Electric Power Design Institute Company Ltd., Guangzhou, Guangdong, China",IEEE Access,"9 Sep 2024","2024","12","","122199","122212","In northern China, the combined heat and power (CHP) units account for a large proportion of the local generation capacity. However, the inherent heat-power coupling of CHP units poses a large barrier for wind power accommodation. To facilitate the local wind integration, the key is to improve the flexibility of the CHP system, and there are two types of feasible methods. One is the addition of heat storage tanks and electric boilers into the CHP system, and this method has been considered in the scheduling of the CHP system, such as the unit commitment (UC) optimization. The other type of method is the flexibility retrofit of CHP units, including the two-stage bypass modification and low-pressure cylinder removal (LPCR). However, prior research has not attempted to integrate the flexibility retrofit into the UC scheduling. To fill this gap, this paper proposes a novel UC model incorporating the bypass and LPCR retrofit of CHP units. In this model, the constraints on the safe operation region, fuel cost, reserve provision, ramping and mode switching of different types of CHP units are thoroughly described. Cases studies are conducted on a test system. Simulation results show that the proposed UC model is capable of utilizing the bypass and LPCR retrofit to facilitate wind accommodation, with the wind curtailment reduced by 81.94% and 20.45% under the bypass and LPCR retrofit, respectively.","2169-3536","","10.1109/ACCESS.2024.3452506","Science and Technology Project of China Energy Engineering Group Guangdong Electric Power Design Institute Company Ltd(grant numbers:EV11031W); ","https://ieeexplore.ieee.org/stamp/stamp.jsp?arnumber=10659837","Unit commitment (UC);combined heat and power (CHP) units;flexibility retrofit;two-stage bypass modification;low-pressure cylinder removal (LPCR)","Cogeneration;Heating systems;Wind power generation;Boilers;Resistance heating;Costs;Renewable energy sources;Pressure sensors","","3","","38","CCBYNCND","30 Aug 2024","2024","","IEEE","IEEE Journals"
"Optimal PV Power Smoothing in Hydrogen-Battery Systems Using an Adaptive Equivalent Consumption Minimization Strategy","A. A. Abdalla; M. H. Elimam; M. S. El Moursi; A. Al-Durra; K. H. Al Hosani","EE Department, Advanced Power and Energy Center (APEC), Khalifa University, Abu Dhabi, United Arab Emirates; EE Department, Advanced Power and Energy Center (APEC), Khalifa University, Abu Dhabi, United Arab Emirates; EE Department, Advanced Power and Energy Center (APEC), Khalifa University, Abu Dhabi, United Arab Emirates; EE Department, Advanced Power and Energy Center (APEC), Khalifa University, Abu Dhabi, United Arab Emirates; EE Department, Advanced Power and Energy Center (APEC), Khalifa University, Abu Dhabi, United Arab Emirates",IEEE Transactions on Smart Grid,"25 Aug 2026","2026","17","5","3990","4007","Photovoltaic (PV) power plant variability presents a significant obstacle to grid stability. Hybrid energy storage systems (HESSs), which integrate battery energy storage systems (BESSs) with hydrogen units (i.e., electrolyzers and fuel cells), offer a viable solution to mitigate PV fluctuations and minimize power curtailment. However, existing control strategies are typically rule-based or offline-optimized, lacking the capability to address critical real-time challenges such as nonlinear efficiency characteristics, response delays in hydrogen subsystems, excessive hydrogen consumption, and battery degradation while complying with grid codes. This paper introduces an adaptive Equivalent Consumption Minimization Strategy (ECMS) for real-time, optimal power sharing among hydrogen-BESS systems. The controller minimizes a composite cost function that integrates efficiency-aware dispatch using empirical efficiency curves, health-aware penalties for aggressive state-of-charge (SOC) reversals and hydrogen overuse, delay-resilient compensation for hydrogen subsystem response lags, and degradation-aware control via online BESS aging assessment. Simulation results demonstrate that the proposed strategy significantly improves ramp rate (RR) compliance and system longevity. Compared to benchmark techniques, the ECMS reduces BESS degradation by 50% and nearly eliminates RR violations while maintaining hydrogen demand satisfaction and ensuring smooth SOC recovery.","1949-3061","","10.1109/TSG.2026.3668122","Khalifa University, Abu Dhabi, United Arab Emirates, through the Research and Innovation(grant numbers:RIG-2025-021,8471000040); ","https://ieeexplore.ieee.org/stamp/stamp.jsp?arnumber=11414215","Adaptive-ECMS;BESS degradation;hydrogen systems;PV power plants;ramp rate control","Hydrogen;Degradation;Real-time systems;Power smoothing;Fuel cells;State of charge;Resource management;Power generation;Microgrids;Delays","","","","43","CCBY","26 Feb 2026","Sept. 2026","","IEEE","IEEE Journals"
"Risk-Averse Optimal Scheduling of Virtual Power Plants Considering PV-CCS Fluctuation Coupling","J. Jian; H. He; Z. Zhang","State Grid Jiangxi Electric Power Research Institute, Nanchang, China; State Grid Jiangxi Electric Power Research Institute, Nanchang, China; Southeast University–Monash University Suzhou Joint Graduate School, Suzhou, China",IEEE Access,"18 Sep 2026","2026","14","","141808","141820","This article proposes a two-stage risk-averse scheduling model for an industrial-park virtual power plant in which carbon capture and storage (CCS) is coordinated with photovoltaic (PV) generation under restricted tie-line correction capability. Unlike formulations that treat CCS only as an emission-reduction device, the proposed model separates flue-gas capture, solvent regeneration, and rich-solvent inventory, thereby representing CCS parasitic power as a controllable load without confusing solvent-side energy shifting with geological carbon storage. Day-ahead unit schedules and tie-line nominations are common to all scenarios, whereas real-time grid deviations, PV curtailment, and CCS operation are scenario-dependent recourse decisions. Five time-correlated PV scenarios are obtained by multi-start clustering of 212 daily forecast-error trajectories derived from measured rooftop PV data; all 92 held-out days are used for out-of-sample assessment. The objective combines expected and worst-retained-scenario operating costs, with an explicit day-ahead and real-time settlement model. Compared with stochastic expectation minimization, the proposed setting reduces the in-sample worst-retained-scenario cost from 85,155 to 77,734 CNY at a 0.68% increase in expected cost. Flexible CCS with solvent storage reduces expected cost and PV curtailment by 9.99% and 34.38%, respectively, relative to fixed CCS, while eliminating 125.99 kWh of expected unserved energy. Held-out mean costs of the proposed and CVaR schedules are statistically indistinguishable; the remaining comparisons demonstrate the economic and low-carbon value of PV-CCS fluctuation coupling without claiming universal tail protection.","2169-3536","","10.1109/ACCESS.2026.3731187","Science and Technology Project of State Grid Jiangxi Electric Power Research Institute, “Research on Bidding Strategy of Virtual Power Plant Considering Electricity-Carbon Coupling,”(grant numbers:SGJXDK00XNJS2500246); ","https://ieeexplore.ieee.org/stamp/stamp.jsp?arnumber=11683438","Carbon capture and storage;industrial virtual power plant;photovoltaic uncertainty;risk-averse scheduling;solvent storage;two-stage stochastic programming","Costing;Costs;Modeling;Carbon;Solvents;Timing;kWh;Gases;Optimization;Joining processes","","","","15","CCBY","7 Sep 2026","2026","","IEEE","IEEE Journals"
"Resilience-Oriented Computationally Intensive Operation of Renewable-Powered Reconfigurable Microgrids: A Matheuristic Approach","S. F. Zandrazavi; J. M. Home-Ortiz; M. Shafie-khah","Electrical Engineering Team, School of Technology and Innovations, University of Vaasa, Vaasa, Finland; Department of Systems and Energy, University of Campinas, São Paulo, Brazil; Research and Innovation Division, Nowocert, Dublin, Ireland",IEEE Transactions on Industry Applications,"30 Jun 2026","2026","62","4","6895","6908","This paper addresses the challenge of achieving both sustainability and resilience in renewable-powered reconfigurable microgrids (RMGs) while managing computational burdens. The Green Independence Performance Index (GIPI) is introduced as a novel resilience metric designed to maximize microgrid independence from the utility grid while avoiding renewable energy curtailment. A multi-objective, nonlinear, and non-convex optimization model is developed to simultaneously minimize total operational costs and maximize GIPI. To enhance tractability and guarantee solution optimality, the problem is reformulated as a mixed-integer linear programming (MILP) model using piecewise linearization and approximation techniques. To further reduce computational burden, a custom matheuristic algorithm is introduced, which synergistically combines classical MILP optimization with a neighborhood-structure-based heuristic. Numerical experiments on the enhanced IEEE 33-bus benchmark system demonstrate that the proposed GIPI eliminates renewable energy curtailment, unlike the IPI which curtailed 13.58% of photovoltaic and 25.09% of wind generation, while the proposed matheuristic reduces computational time from 1,629.74 s (CPLEX) to only 103.32 s and maintains near-optimal operating costs.","1939-9367","","10.1109/TIA.2026.3654041","TotalEnergies EP Brazil through the ANP Regulatory Incentive for R&D; ","https://ieeexplore.ieee.org/stamp/stamp.jsp?arnumber=11355451","Energy curtailment;matheuristic;reconfigurable microgrid (RMG);renewable energy;resilience;sustainability","Resilience;Costs;Optimization models;Reliability;Indexes;Batteries;Metaheuristics;Power system reliability;Microgrids;Stochastic processes","","1","","51","CCBY","15 Jan 2026","July-Aug. 2026","","IEEE","IEEE Journals"
"Optimized Dispatching Method for Flexibility Improvement of AC-MTDC Distribution Systems Considering Aggregated Electric Vehicles","X. Jiang; S. Wang; Q. Zhao; X. Wang","Key Laboratory of Smart Grid of Ministry of Education, Tianjin University, Tianjin, China; Key Laboratory of Smart Grid of Ministry of Education, Tianjin University, Tianjin, China; Key Laboratory of Smart Grid of Ministry of Education, Tianjin University, Tianjin, China; Key Laboratory of Smart Grid of Ministry of Education, Tianjin University, Tianjin, China",Journal of Modern Power Systems and Clean Energy,"22 Nov 2023","2023","11","6","1857","1867","With the increasing use of renewable resources and electric vehicles (EVs), the variability and uncertainty in their nature put forward a high requirement for flexibility in AC distribution system incorporating voltage source converter (VSC) based multi-terminal direct current (MTDC) grids. In order to improve the capability of distribution systems to cope with uncertainty, the flexibility enhancement of AC-MTDC distribution systems considering aggregated EVs is studied. Firstly, the charging and discharging model of one EV is proposed considering the users' demand difference and traveling needs. Based on this, a vehicle-to-grid (V2G) control strategy for aggregated EVs to participate in the flexibility promotion of distribution systems is provided. After that, an optimal flexible dispatching method is proposed to improve the flexibility of power systems through cooperation of VSCs, controllable distributed generations (CDGs), aggregated EVs, and energy storage systems (ESSs). Finally, a case study of an AC-MTDC distribution system is carried out. Simulation results show that the proposed dispatching method is capable of effectively enhancing the system flexibility, reducing renewable power curtailment, decreasing load abandonment, and cutting down system cost.","2196-5420","","10.35833/MPCE.2022.000576","National Natural Science Foundation of China(grant numbers:U2166202); ","https://ieeexplore.ieee.org/stamp/stamp.jsp?arnumber=10113801","Multi-terminal direct current (MTDC);distribution system;aggregated electric vehicles (EVs);flexibility;optimized dispatching","Dispatching;Power systems;Costs;Reactive power;Indexes;Vehicle-to-grid;Renewable energy sources","","6","","42","","1 May 2023","November 2023","","SGEPRI","SGEPRI Journals"
"Analytical model for optimal energy storage sizing in low voltage networks in South Africa","F. C. Mushid; M. F. Khan","Centre for Power & Energy Systems (CPES), University of KwaZulu-Natal, Durban 4041, South Africa; Centre for Power & Energy Systems (CPES), University of KwaZulu-Natal, Durban 4041, South Africa",SAIEE Africa Research Journal,"6 Feb 2026","2026","117","1","13","22","Energy storage plays a pivotal role in integrating renewable energy sources into low-voltage (LV) networks, especially in South Africa, where electricity grids are plagued by challenges such as reliability issues, frequent load-shedding, voltage instability, and aging infrastructure. This paper presents a comprehensive mathematical framework for optimizing the sizing of battery energy storage systems (BESS) in South African LV networks. The model focuses on minimizing the total cost of ownership (TCO) by balancing the trade-offs between capital investments, operational expenses, and lifecycle costs of energy storage systems. Additionally, the study aims to enhance grid stability by mitigating voltage fluctuations, reducing peak loads, and improving frequency regulation, all of which are critical for ensuring the resilience of the power network. By enabling smoother integration of intermittent renewable energy sources, particularly solar photovoltaic (PV), the model also seeks to maximize renewable energy utilization by minimizing energy curtailment and storing surplus energy for later use. Furthermore, the optimized BESS configuration helps reduce peak grid imports by discharging stored energy during periods of high demand, thus decreasing reliance on centralized generation and alleviating the impacts of load-shedding. Using mixed-integer linear programming (MILP) and real-world data on energy demand and renewable generation profiles, the study reveals that optimal BESS sizing can reduce the total cost of ownership by up to 25%, curtail renewable energy wastage by 15%, and lower peak grid imports by 30% These findings provide actionable insights for policymakers, energy planners, and stakeholders, emphasizing the critical role of BESS in transforming South Africa's LV networks into more resilient, sustainable, and economically efficient systems while addressing growing energy demands and renewable integration challenges.","1991-1696","","10.23919/SAIEE.2026.11373472","","https://ieeexplore.ieee.org/stamp/stamp.jsp?arnumber=11373472","Battery energy storage systems;Energy storage;low voltage networks;optimization;renewable energy;South Africa","Costs;Mathematical models;Load modeling;Energy storage;Renewable energy sources;Reliability;Power system stability;Optimization;Batteries;Power system reliability","","1","","","","6 Feb 2026","March 2026","","SAIEE","SAIEE Journals"
"Active Load Management of Hydrogen Refuelling Stations for Increasing the Grid Integration of Renewable Generation","W. Sun; G. P. Harrison","School of Engineering, The University of Edinburgh, Edinburgh, U.K.; School of Engineering, The University of Edinburgh, Edinburgh, U.K.",IEEE Access,"26 Jul 2021","2021","9","","101681","101694","Hydrogen Fuel Cell Electric Vehicles (FCEV) can help reduce carbon emissions, air pollution and dependency on fossil fuels in the transport sector. Clean hydrogen fuel can be generated by a power-to-gas process at refuelling stations equipped with water electrolysers, especially in renewable rich areas. Coupled with onsite hydrogen tanks, the fast response capability of electrolysis, could potentially turn the station demand into a flexible electricity load since the hydrogen can be stored and used when needed. This paper presents a novel real-time load management scheme that actively operates a hydrogen refuelling station to relieve thermal network constraints, handles the fluctuations from renewables, and releases network headroom for connecting renewable generation. The key components involved in the refuelling station and their operational characteristics are explicitly modelled in the analysis. The economic impact of the different operational strategies is also examined. In the case study, the effectiveness of the proposed control strategy to avoid overloading and save curtailment in the local distribution network is verified by running the real-time network simulation at 1 minute steps over a 1 hour window and 5 day window respectively. Moreover, a whole year simulation of the station operation shows that the proposed active control strategy enables wind farms in the local network to avoid 9.5 times more curtailment than under passive control strategy. The station's net cost of electricity consumption thus can be reduced by 7.5%., by making use of excess electricity that would otherwise be curtailed. A further 5% reduction on the cost would be possible if the incentive rewards for offering network constraint management services are in place.","2169-3536","","10.1109/ACCESS.2021.3098161","Engineering and Physical Sciences Research Council (EPSRC), U.K., through the Hydrogen’s Value in the Energy System (HYVE) Project(grant numbers:EP/L018284/1); EPSRC National Centre for Energy Systems Integration(grant numbers:EP/P001173/1); ","https://ieeexplore.ieee.org/stamp/stamp.jsp?arnumber=9490223","Power-to-gas;hydrogen vehicle;flexible demands;active network management;renewable energy;multi-energy integration","Hydrogen;Biological system modeling;Real-time systems;Compressors;Production;Load modeling;Electrochemical processes","","35","","43","CCBY","19 Jul 2021","2021","","IEEE","IEEE Journals"
"Optimal Configuration of Off-Grid Hybrid Renewable Energy System with PV/Wind/Hydrogen/Cooling","L. Ge; J. Liu; Z. Wang; M. U. Rafiq","Key Laboratory of Smart Grid of Ministry of Education, Tianjin University, Tianjin, China; Key Laboratory of Smart Grid of Ministry of Education, Tianjin University, Tianjin, China; Key Laboratory of Smart Grid of Ministry of Education, Tianjin University, Tianjin, China; Key Laboratory of Smart Grid of Ministry of Education, Tianjin University, Tianjin, China",CSEE Journal of Power and Energy Systems,"13 Oct 2025","2025","11","5","2058","2070","Hydrogen storage and ice storage are promising, environmentally friendly energy storage technologies. However, there are few investigations on the optimal configuration of hybrid renewable energy systems (HRES) for remote off-grid areas with localized scenarios. This paper proposes a new optimal configuration of an off-grid PV/wind/hydrogen/cooling system. Given three performance indices for evaluating HRES, i.e., the levelized cost of energy (LCOE), the loss of power supply possibility (LPSP), and the power curtailment rate (PCR), we use the ε-constraint method that formulates LCOE as the objective, while LPSP and PCR serve as constraints. Furthermore, to solve the optimal size of HRES, an improved salp swarm algorithm (ISSA) is proposed. The simulation results show that for an off-grid remote community, the LCOE, LPSP, and PCR of the optimal HRES configuration can achieve $0.31/kWh, 5.00%, and 7.23%, respectively. The comparison of different systems illustrates that adding ice storage in the HRES with hydrogen storage will decrease the LCOE by 27.12%. In addition, compared with other heuristic algorithms, such as SSA, ISSA offers the configuration with the minimum LCOE. The hydrogen-ice storage system is economically significant to off-grid areas with cooling load demand, and the proposed ISSA has excellent accuracy.","3066-9308","","10.17775/CSEEJPES.2021.07430","National Key R&D Program of China(grant numbers:2018YFB1500800); National Natural Science Foundation of China(grant numbers:51807134); ","https://ieeexplore.ieee.org/stamp/stamp.jsp?arnumber=9862585","Hybrid renewable energy systems;hydrogen storage;ice storage;improved salp swarm algorithm;off-grid","Video recording;Ice;Hydrogen;Hydrogen storage;Cooling;Costs;Wind speed","","4","","41","","18 Aug 2022","September 2025","","CSEE","CSEE Journals"
"Intra-Hour PV Power Forecasting Technique Based on Total-Sky Images","S. Zhang; Z. Dong; D. Qi; M. Wang; Z. Xu; Y. Han; Y. Yan; Z. Li","College of Electrical Engineering, Zhejiang University, Hangzhou, China; School of Electronics and Information, Hangzhou Dianzi University, Hangzhou, China; Hainan Institute of Zhejiang University, Hainan, China; Department of Electrical Engineering, Research Institute for Smart Energy, The Hong Kong Polytechnic University, Kowloon, HKSAR, China; Department of Electrical Engineering, Research Institute for Smart Energy, The Hong Kong Polytechnic University, Kowloon, HKSAR, China; College of Electrical Engineering, Zhejiang University, Hangzhou, China; College of Electrical Engineering, Zhejiang University, Hangzhou, China; College of Electrical Engineering, Zhejiang University, Hangzhou, China",CSEE Journal of Power and Energy Systems,"10 Feb 2026","2026","12","1","210","219","Clouds are one of the leading causes of sun shading, which reduces the direct horizontal irradiance and curtails the photovoltaic (PV) power. It is critical to estimate cloud cover to accurately predict PV generation within a very short horizon (second/minute). To achieve the precise forecasting of cloud cover, an image preprocessing method based on total-sky images is proposed to remove the interference and address the image edge distortion issue. An optimal threshold estimation method is further designed to achieve higher cloud identification precision. Considering the cloud's meteorological properties, a random hypersurface model (RHM) based on the Gaussian mixture probability hypothesis density (GM-PHD) filter is applied to track the cloud. The GM-PHD can track the rotation and diffusion of clouds, which helps to estimate sun-cloud collision. Furthermore, a hybrid autoregressive integrated moving average (ARIMA) and backpropagation (BP) neural network-based model is applied for intra-hour PV power forecasting. The experiment results demonstrate that the proposed cloud-tracking-based PV power forecasting model can capture the ramp behavior of PV power, improving forecasting precision.","3066-9308","","10.17775/CSEEJPES.2022.07770","National Natural Science Foundation of China(grant numbers:U1909201,62206062); ","https://ieeexplore.ieee.org/stamp/stamp.jsp?arnumber=10520202","Cloud tracking;image processing;intra-hour PV forecasting;solar energy;total-sky image","Clouds;Forecasting;Image preprocessing;Image edge detection;Cameras;Predictive models;Covariance matrices","","1","","33","","3 May 2024","January 2026","","CSEE","CSEE Journals"
"Distributed Demand Response Management for a Virtually Connected Community With Solar Power","C. Pathiravasam; G. K. Venayagamoorthy","Holcombe Department of Electrical and Computer Engineering, Real-Time Power and Intelligent Systems Laboratory, Clemson University, Clemson, SC, USA; Holcombe Department of Electrical and Computer Engineering, Real-Time Power and Intelligent Systems Laboratory, Clemson University, Clemson, SC, USA",IEEE Access,"24 Jan 2022","2022","10","","8350","8362","With the high proliferation of solar power, curtailments and higher capacity reserves are required for a reliable power system operation. However, system operators can tap into demand flexibility to maintain reliability affordably. Temperature-controlled loads (TCL) have higher flexibility in demand response due to their frequency of operation, power rating, and tolerance in the desired operating region. In this study, a TCL demand flexibility quantification is presented using temperature measurements and consumer preferences, and predictions of TCL demand flexibility and solar power generation are used to improve demand response (DR) reliability. The utility can leverage predictions to issue DR requests considering resource adequacy and operational costs. Consumers are formed as a virtually connected community, and an aggregator facilitates the utility in providing situational intelligence and distributing DR requests among consumers. A distributed DR management framework is proposed based on demand flexibility to (a) simplify the optimization and (b) improve optimality. Typical results show power consumption reduction during peak reduction and emergency DR requests and power consumption with low variability during capacity firming requests compared to individual thermostat controls. Two indices to measure DR reliability and consumer comfort are defined, and results are presented for different DR requests.","2169-3536","","10.1109/ACCESS.2022.3141772","National Science Foundation (NSF), USA(grant numbers:IIP 1312260,CNS 2131070); Duke Energy Distinguished Professorship Endowment Fund; ","https://ieeexplore.ieee.org/stamp/stamp.jsp?arnumber=9676653","Demand flexibility;distributed demand response;DR reliability;solar PV power;temperature-controlled loads;virtually connected community","Reliability;Optimization;Buildings;Predictive models;Power system reliability;Meteorology;HVAC","","19","","40","CCBYNCND","11 Jan 2022","2022","","IEEE","IEEE Journals"
"Distributionally Robust Chance-Constrained Optimization for Soft Open Points Operation in Active Distribution Networks","Q. Hou; G. Chen; N. Dai; H. Zhang","Department of Electrical and Computer Engineering, State Key Laboratory of Internet of Things for Smart City, University of Macau, Macau, China; Department of Electrical and Computer Engineering, State Key Laboratory of Internet of Things for Smart City, University of Macau, Macau, China; Department of Electrical and Computer Engineering, State Key Laboratory of Internet of Things for Smart City, University of Macau, Macau, China; Department of Electrical and Computer Engineering, State Key Laboratory of Internet of Things for Smart City, University of Macau, Macau, China",CSEE Journal of Power and Energy Systems,"21 Apr 2025","2025","11","2","637","648","The escalating installation of distributed generation (DG) within active distribution networks (ADNs) diminishes the reliance on fossil fuels, yet it intensifies the disparity between demand and generation across various regions. Moreover, due to the intermittent and stochastic characteristics, DG also introduces uncertain forecasting errors, which further increase difficulties for power dispatch. To overcome these challenges, an emerging flexible interconnection device, soft open point (SOP), is introduced. A distributionally robust chance-constrained optimization (DRCCO) model is also proposed to effectively exploit the benefits of SOPs in ADNs under uncertainties. Compared with conventional robust, stochastic and chance-constrained models, the DRCCO model can better balance reliability and economic profits without the exact distribution of uncertainties. More-over, unlike most published works that employ two individual chance constraints to approximate the upper and lower bound constraints (e.g, bus voltage and branch current limitations), joint two-sided chance constraints are introduced and exactly reformulated into conic forms to avoid redundant conservativeness. Based on numerical experiments, we validate that SOPs' employment can significantly enhance the energy efficiency of ADNs by alleviating DG curtailment and load shedding problems. Simulation results also confirm that the proposed joint two-sided DRCCO method can achieve good balance between economic efficiency and reliability while reducing the conservativeness of conventional DRCCO methods.","3066-9308","","10.17775/CSEEJPES.2021.02110","Science and Technology Department of Sichuan Province(grant numbers:2020YFH0191); ","https://ieeexplore.ieee.org/stamp/stamp.jsp?arnumber=9862539","Active distribution networks;distributionally robust chance-constrained optimization;soft open points","Mathematical models;Uncertainty;Load flow;Optimization;Reactive power;Stochastic processes;Forecasting","","13","","31","","18 Aug 2022","March 2025","","CSEE","CSEE Journals"
"Virtual Transmission Solution Based on Battery Energy Storage Systems to Boost Transmission Capacity","M. Agüero; J. Peralta; E. Quintana; V. Velar; A. Stepanov; H. Ashourian; J. Mahseredjian; R. Cárdenas","Coordinador Eléctrico Nacional, Santiago, Chile; Coordinador Eléctrico Nacional, Santiago, Chile; Coordinador Eléctrico Nacional, Santiago, Chile; Coordinador Eléctrico Nacional, Santiago, Chile; PGSTech, Montreal, Canada; PGSTech, Montreal, Canada; Ecole Polytechnique de Montréal, Montréal, Canada; University of Chile, Santiago, Chile",Journal of Modern Power Systems and Clean Energy,"25 Mar 2024","2024","12","2","466","474","The increasing penetration of variable renewable energy (VRE) generation along with the decommissioning of conventional power plants in Chile, has raised several operational challenges in the Chilean National Power Grid (NPG), including transmission congestion and VRE curtailment. To mitigate these limitations, an innovative virtual transmission solution based on battery energy storage systems (BESSs), known as grid booster (GB), has been proposed to increase the capacity of the main 500 kV corridor of the NPG. This paper analyzes the dynamic performance of the GB using a wide-area electromagnetic transient (EMT) model of the NPG. The GB project, composed of two 500 MVA BESS units at each extreme of the 500 kV corridor, allows increasing the transmission capacity for 15 min during N-1 contingencies, overcoming transmission limitations under normal operation conditions while maintaining system stability during faults. The dynamic behavior of the GB is also analyzed to control power flow as well as voltage stability. The results show that the GB is an effective solution to allow greater penetration of VRE generation while maintaining system stability in the NPG.","2196-5420","","10.35833/MPCE.2023.000729","","https://ieeexplore.ieee.org/stamp/stamp.jsp?arnumber=10478441","Battery energy storage system (BESS);grid booster;transient stability;voltage stability;electromagnetic transient (EMT)","Analytical models;Reactive power;Battery energy storage system;Power system dynamics;Voltage;Power system stability;Stability analysis","","4","","23","","25 Mar 2024","March 2024","","SGEPRI","SGEPRI Journals"
"A Custom Reinforcement Learning Environment for Hybrid Renewable Energy Systems: Design and Implementation","D. F. G. Filho; M. A. Moret; E. G. S. Nascimento","Stricto Sensu Department, SENAI CIMATEC University, Salvador, Bahia, Brazil; Stricto Sensu Department, SENAI CIMATEC University, Salvador, Bahia, Brazil; Stricto Sensu Department, SENAI CIMATEC University, Salvador, Bahia, Brazil",IEEE Access,"1 Aug 2025","2025","13","","133984","133993","We present HybridEnergyEnv, an open-source, Gym-style simulation environment designed for reinforcement learning (RL) research in hybrid renewable energy systems (HRES) combining wind, solar, and battery storage. The environment incorporates realistic component models, including intermittent renewable generation profiles, a synthetic electricity price signal inversely correlated with renewable availability, and a detailed Battery Energy Storage System (BESS) model accounting for state-of-charge (SoC) dynamics, self-discharge, efficiency losses, thermal derating, and rainflow-based capacity degradation. To validate the framework, we evaluate three dispatch strategies implemented with algorithms available in the Stable-Baselines3 (SB3) library: Proximal Policy Optimization (PPO), Advantage Actor-Critic (A2C), and Double Deep Q-Network (DDQN). Results show that DRL-based policies increase operational revenue by up to 10.05% and reduce curtailment by up to 84.60% compared to the no-storage baseline. Additionally, DDQN achieves the longest episode durations and highest rewards during training, indicating greater stability under strict curtailment constraints. We describe the environment architecture, component models, and API, demonstrating the potential of HybridEnergyEnv as a high-fidelity, extensible platform for the development of intelligent, degradation-aware dispatch strategies in modern power systems.","2169-3536","","10.1109/ACCESS.2025.3593064","Eletrobras Chesf–Northeast Operations through the Public Call for Research and Development(grant numbers:02/2017); Brazilian Electricity Regulatory Agency (ANEEL, Brazil) Base(grant numbers:PD-00048-0217); SENAI CIMATEC University(grant numbers:308963/2022-9); Erick G. Sperandio Nascimento was supported by the National Council for Scientific and Technological Development (CNPq) Technological Development Fellowship(grant numbers:308963/2022-9); ","https://ieeexplore.ieee.org/stamp/stamp.jsp?arnumber=11097283","OpenAI gym environment;deep reinforcement learning;hybrid renewable energy;wind energy;solar energy;battery energy storage system;PPO;A2C;DDQN","Renewable energy sources;Degradation;Biological system modeling;Batteries;Wind forecasting;Thermal degradation;Power system dynamics;Hybrid power systems;Load modeling;Computer architecture","","2","","24","CCBY","28 Jul 2025","2025","","IEEE","IEEE Journals"
"Robust Transient Stability-Constrained Unit Commitment with Grid-Forming Sources","H. Zhang; Y. Xu; D. Xie","Center for Power Engineering, School of Electrical and Electronic Engineering, Nanyang Technological University, Singapore; Center for Power Engineering, School of Electrical and Electronic Engineering, Nanyang Technological University, Singapore; Center for Power Engineering, School of Electrical and Electronic Engineering, Nanyang Technological University, Singapore",Journal of Modern Power Systems and Clean Energy,"","2026","PP","99","1","12","Existing transient stability-constrained unit commitment (TSCUC) studies are generally based on deterministic optimization and often model grid-forming devices under idealized assumptions. Hence, the resulting solutions may fail to guarantee system stability under practical operating conditions involving source-side control interaction, limited energy reserves, and operational uncertainty. This paper proposes a robust TSCUC model that coordinates grid-forming sources including wind turbines (WTs) and energy storage systems (ESSs) to enhance system transient stability under wind power uncertainty. The model is cast within a two-stage optimization framework, where the first stage determines the day-ahead scheduling of unit commitment, generation dispatch, unit reserves, wind curtailment, ESS (dis)charging, ESS reserves, and grid forming control parameter settings, and the second stage allows real-time power adjustments after uncertainties are realized. Transient stability constraints are converted to a tractable form through trajectory sensitivity analysis. A dual-loop solution algorithm based on column-and-constraint generation is developed to solve the proposed robust TSCUC model. Simulation results on the modified New England 39-bus and IEEE 118-bus systems demonstrate that the proposed model maintains transient stability for randomly sampled realizations within the prescribed uncertainty set, while achieving lower operational costs compared with conventional dispatch schemes that rely solely on generator adjustments.","2196-5420","","10.35833/MPCE.2025.001212","","https://ieeexplore.ieee.org/stamp/stamp.jsp?arnumber=11603991","Energy storage system;grid-forming control;Transient stability control;TSCUC;wind power","Grid forming;Modeling;Stability;Measurement units;Optimization;Power systems;Timing;Transient analysis;Dispatching;Wind power generation","","","","","","10 Jul 2026","","","SGEPRI","SGEPRI Early Access Articles"
"Real-Time Energy Management in Smart Homes Through Deep Reinforcement Learning","J. Aldahmashi; X. Ma","School of Engineering, Lancaster University, Lancaster, LA1 4YW, U.K; School of Engineering, Lancaster University, Lancaster, LA1 4YW, U.K",IEEE Access,"28 Mar 2024","2024","12","","43155","43172","In light of the growing prevalence of distributed energy resources, energy storage systems (ESs), and electric vehicles (EVs) at the residential scale, home energy management (HEM) systems have become instrumental in amplifying economic advantages for consumers. These systems traditionally prioritize curtailing active power consumption, often at an expense of overlooking reactive power. A significant imbalance between active and reactive power can detrimentally impact the power factor in the home-to-grid interface. This research presents an innovative strategy designed to optimize the performance of HEM systems, ensuring they not only meet financial and operational goals but also enhance the power factor. The approach involves the strategic operation of flexible loads, meticulous control of thermostatic load in line with user preferences, and precise determination of active and reactive power values for both ES and EV. This optimizes cost savings and augments the power factor. Recognizing the uncertainties in user behaviors, renewable energy generations, and external temperature fluctuations, our model employs a Markov decision process for depiction. Moreover, the research advances a model-free HEM system grounded in deep reinforcement learning, thereby offering a notable proficiency in handling the multifaceted nature of smart home settings and ensuring real-time optimal load scheduling. Comprehensive assessments using real-world datasets validate our approach. Notably, the proposed methodology can elevate the power factor from 0.44 to 0.9 and achieve a significant 31.5% reduction in electricity bills, while upholding consumer satisfaction.","2169-3536","","10.1109/ACCESS.2024.3375771","“NBU-SAFIR-2024”; U.K. Engineering and Physical Sciences Research Council (EPSRC)(grant numbers:EP/V040561/1); ","https://ieeexplore.ieee.org/stamp/stamp.jsp?arnumber=10464301","Power factor correction;home energy management;appliances scheduling;smart homes;reactive power compensation;deep reinforcement learning","Reactive power;Real-time systems;Optimization;Electricity;Home appliances;Adaptation models;Uncertainty;Power factor correction;Energy management;Smart homes;Energy consumption;Deep reinforcement learning;Scheduling","","71","","51","CCBY","11 Mar 2024","2024","","IEEE","IEEE Journals"
"Residential Demand Response-Based Load-Shifting Scheme to Increase Hosting Capacity in Distribution System","Y. -J. Son; S. -H. Lim; S. -G. Yoon; P. P. Khargonekar","Department of Electrical Engineering, Soongsil University, Seoul, South Korea; Department of Electrical Engineering, Soongsil University, Seoul, South Korea; Department of Electrical Engineering, Soongsil University, Seoul, South Korea; Department of Electrical Engineering and Computer Science, University of California at Irvine, Irvine, CA, USA",IEEE Access,"21 Feb 2022","2022","10","","18544","18556","Increasing the use of solar photovoltaic (PV) generation in order to decarbonize the electric energy system results in many challenges. Overvoltage is one of the most common problems in distribution systems with high penetration of solar PV. Utilizing demand-side resources such as residential demand response (RDR) have the potential to alleviate this problem. To increase the solar PV hosting capacity, we propose an RDR based load-shifting scheme that utilizes the interaction between the distribution system operator (DSO) and demand-side resources. We first model a customer utility that consists of the cost of purchasing power, revenue from the subsidy, and discomfort due to load shifting. When an overvoltage problem is expected, DSO issues a local subsidy, and customers in the distribution system move their load in response. An optimization framework that minimizes the additional cost due to the subsidy while keeping the voltages in a prescribed range is proposed. Because of the non-linearity of the power flow analysis, we propose a sub-optimal algorithm to obtain a subsidy, prove the performance gap between the optimal subsidy and the subsidy obtained by the algorithm. A case study shows that the proposed RDR scheme increases the hosting capacity to almost its theoretical limit at a lower cost than the curtailment method.","2169-3536","","10.1109/ACCESS.2022.3151172","Ministry of Science, ICT (MSIT), South Korea, through the High-Potential Individuals Global Training Program, supervised by the Institute for Information & Communications Technology Planning & Evaluation (IITP)(grant numbers:2021-0-01525); National Research Foundation of Korea (NRF) Funded by the MSIT, Korea Government(grant numbers:2020R1F1A1075137); ","https://ieeexplore.ieee.org/stamp/stamp.jsp?arnumber=9712330","Residential demand response;hosting capacity;distribution system operator;renewable energy","Voltage control;Generators;Costs;Renewable energy sources;Reactive power;Inverters;Water heating","","39","","43","CCBY","11 Feb 2022","2022","","IEEE","IEEE Journals"
"Market Equilibria With Energy Storage as Flexibility Resources","W. Gu; R. Sioshansi","Department of Integrated Systems Engineering, The Ohio State University, Columbus, OH, USA; Department of Electrical and Computer Engineering, The Ohio State University, Columbus, OH, USA",IEEE Open Access Journal of Power and Energy,"29 Dec 2022","2022","9","","584","597","Uncertain and variable real-time availability of renewable generation can increase the need for supply-side flexibility in power systems. Energy storage is a potential source of such flexibility. This paper examines the participation of multiple competing strategic profit-maximizing energy storage in a spot electricity market and its impact on consumers, producers, and market equilibria. To this end, we develop a two-stage stochastic bi-level model that has each energy-storage firm determine its market offers at the upper level to maximize its expected profit. The lower level represents market clearing under scenarios with different flexibility needs. We recast the bi-level model as a single-level optimization. A small illustrative example and larger case study show that energy storage can increase market efficiency and reduce renewable-energy curtailment. We show that energy-storage firms neglecting uncertainty in optimizing their market offers can yield profit losses.","2687-7910","","10.1109/OAJPE.2022.3217973","National Science Foundation(grant numbers:1808169,1922666); ","https://ieeexplore.ieee.org/stamp/stamp.jsp?arnumber=9933933","Energy storage;power-system economics;power-system markets;power-system operations","Energy storage;Real-time systems;Generators;Uncertainty;Computational modeling;Mathematical models;Renewable energy sources","","8","","73","CCBYNCND","1 Nov 2022","2022","","IEEE","IEEE Journals"
"Developing a Robust Expansion Planning Approach for Transmission Networks and Privately-Owned Renewable Sources","L. Peng; A. Zabihi; M. Azimian; H. Shirvani; F. Shahnia","Key Laboratory for Energy Monitoring and Edge Computing of Smart City, Hunan City University, Yiyang, China; Department of Electrical Engineering, Islamic Azad University, Najafabad Branch, Isfahan, Iran; Department of Electrical and Computer Engineering, Islamic Azad University, Kashan Branch, Kashan, Iran; Department of Electrical and Computer Engineering, Islamic Azad University, Kashan Branch, Kashan, Iran; Discipline of Engineering and Energy, Murdoch University, Perth, WA, Australia",IEEE Access,"28 Jul 2023","2023","11","","76046","76058","Power system restructuring has changed transmission expansion planning (TEP) and caused many complications due to conflicting and contradictory objectives. The transmission capacity expansion would significantly affect the revenue of investor-owned renewable energy sources (RESs). Thus, the investment decisions on merchant RESs must be considered in the TEP studies conducted by the transmission system operator (TSO). In this regard, this paper aims to propose a multi-objective co-planning of investment in transmission networks and merchant RESs with three objective functions: minimizing the investment cost of newly deployed transmission lines, minimizing transmission congestion cost, and minimizing load curtailment in N-1 conditions. Moreover, the TSO guarantees a desirable rate of return for private investors to finance renewable energy projects. Further, a robust optimization (RO) technique is employed to cope with the uncertainties associated with demand and renewable energy production. Also, a posteriori multi-objective optimization algorithm, i.e., the non-dominated sorting genetic algorithm (NSGAII), is applied to solve the advanced optimization problem, followed by the fuzzy min-max method to acquire the final optimal solution. Finally, the IEEE RTS 24-bus test system is utilized to demonstrate the effectiveness and applicability of the suggested approach.","2169-3536","","10.1109/ACCESS.2022.3226695","","https://ieeexplore.ieee.org/stamp/stamp.jsp?arnumber=9970312","Transmission expansion planning;renewable energy sources;robust optimization;multiobjective;private investor;uncertainties","Renewable energy sources;Uncertainty;Optimization;Costs;Investment;Planning;Load modeling","","17","","46","CCBY","5 Dec 2022","2023","","IEEE","IEEE Journals"
"Operational Coordination Optimization of Electricity and Natural Gas Networks Based on Sequential Symmetrical Second-Order Cone Programming","L. Min; C. Lou; J. Yang; J. Yu; Z. Yu","Power Grid Dispatching and Control Branch Company of NARI Technology Co., Ltd., Nanjing, China; College of Information and Electrical Engineering, China Agricultural University, Beijing, China; James Watt School of Engineering, University of Glasgow, Glasgow, UK; Scottish Power Energy Network, Glasgow, UK; Department of Mechanical and Aerospace Engineering, University of Liverpool, Liverpool, UK",Journal of Modern Power Systems and Clean Energy,"25 Mar 2025","2025","13","2","488","499","The variable and unpredictable nature of renewable energy generation (REG) presents challenges to its large-scale integration and the efficient and economic operation of the electricity network, particularly at the distribution level. In this paper, an operational coordination optimization method is proposed for the electricity and natural gas networks, aiming to overcome the identified negative impacts. The method involves the implementation of bi-directional energy flows through power-to-gas units and gas-fired power plants. A detailed model of the three-phase power distribution system up to each phase is employed to improve the representation of multi-energy systems to consider real-world end-user consumption. This method allows for the full consideration of unbalanced operational scenarios. Meanwhile, the natural gas network is modelled and analyzed with steady-state gas flows and the dynamics of the line pack in pipelines. The sequential symmetrical second-order cone programming (SS-SOCP) method is employed to facilitate the simultaneous analysis of three-phase imbalance and line pack while accelerating the solution process. The efficacy of the operational coordination optimization method is demonstrated in case studies comprising a modified IEEE 123-node power distribution system with a 20-node natural gas network. The studies show that the operational coordination optimization method can simultaneously minimize the total operational cost, the curtailment of installed REG, the voltage imbalance of three-phase power system, and the overall carbon emissions.","2196-5420","","10.35833/MPCE.2023.000750","Engineering and Physical Sciences Research Council (EPSRC, UK)(grant numbers:EP/S001778/2); ","https://ieeexplore.ieee.org/stamp/stamp.jsp?arnumber=10705989","Operational coordination;multi-energy system;power-to-gas;electricity network;natural gas network;second-order cone programming","Natural gas;Power systems;Pipelines;Electricity;Optimization;Mathematical models;Load flow;Programming;Numerical models;Power system dynamics","","1","","38","","4 Oct 2024","March 2025","","SGEPRI","SGEPRI Journals"
"Feasibility of Grid Flexibility Provision Using Heat Pump Water Heaters Under Midnight Power Services: A Case of South Korea","D. -N. Kim; J. -W. Lee; S. -Y. Son","Department of Business Development Team, Herit Corporation, Seongnam, South Korea; Power System Software Research Team, Hyosung Corporation, Seoul, South Korea; Department of Next Generation Smart Energy System Convergence, Gachon University, Seongnam, South Korea",IEEE Access,"13 May 2025","2025","13","","80695","80704","Sector coupling (SC) has recently emerged as a solution to alleviate the curtailment caused by surplus power from variable renewable energy sources. Power-to-heat (P2H) is considered an economically viable SC approach that utilizes commercially available technologies. Previous studies demonstrated that electric water heaters and heat-pump water heaters (HPWH) effectively manage the demand and enhance flexibility. However, the practical implementation of P2H has been limited owing to policy limitations. This study proposed a P2H implementation model for South Korea that utilizes existing HPWHs deployed under the midnight power service, with a focus on flexibility provision through a reverse demand response (DR) program. The flexibility provision effect, energy efficiency, and economic impact were analyzed to evaluate the feasibility of the model. The case study results indicated that flexibility provision up to 100% of the device capacity was achievable, participation in the reverse DR program reduced power consumption by 4.4%, and operation costs decreased by 6–17% based on the DR scenarios.","2169-3536","","10.1109/ACCESS.2025.3566375","Korea Institute of Energy Technology Evaluation and Planning and the Ministry of Trade, Industry and Energy, Republic of Korea(grant numbers:20226210100100,20214000000060); ","https://ieeexplore.ieee.org/stamp/stamp.jsp?arnumber=10982163","Sector coupling;power to heat;demand response","Water heating;Heat pumps;Resistance heating;Temperature measurement;Heating systems;Space heating;Load modeling;Temperature;Renewable energy sources;Electricity","","2","","35","CCBYNCND","2 May 2025","2025","","IEEE","IEEE Journals"
"Optimal Operation of Microgrids With Worst-Case Renewable Energy Outage: A Mixed-Integer Bi-Level Model","S. Shakerinia; A. F. Meyabadi; M. Vahedi; N. Salehi; M. S. Moghaddam","Department of Electrical Engineering, Shahrood Branch, Islamic Azad University, Shahrood, Iran; Department of Electrical Engineering, Hamedan University of Technology, Hamedan, Iran; Department of Electrical Engineering, Shahrood Branch, Islamic Azad University, Shahrood, Iran; Department of Basic Sciences, Shahrood Branch, Islamic Azad University, Shahrood, Iran; Department of Electrical Engineering, Damghan Branch, Islamic Azad University, Damghan, Iran",IEEE Access,"21 Jun 2023","2023","11","","59804","59815","With the increasing penetration of renewable energy resources, such as wind and photovoltaic (PV) production, in future microgrids, challenges arise due to the potential interruption of these resources caused by changing weather conditions. In this paper, we propose a mixed-integer quadratic programming (MIQP) based bi-level model for the optimal operation of microgrids under worst-case (WC) scenarios of renewable energy resource outages. The upper-level problem formulates the minimization of energy loss and load shedding in a demand-side management (DSM) program, as well as optimal charging and discharging of electric vehicles (EVs) and energy storage systems (ESSs). The lower-level problem models the maximization of renewable energy curtailment to account for the worst-case realization of renewable resource outages. A decomposition and re-formulation method is adopted to solve the proposed bi-level optimization model, which includes binary variables in both levels. The proposed model and algorithm are implemented in the Julia programming language and solved with the Gurobi commercial solver. The model is analyzed using a 33-node microgrid under different cases to evaluate its performance, showcasing optimal microgrid operation results under worst-case renewable resource interruptions.","2169-3536","","10.1109/ACCESS.2023.3285480","","https://ieeexplore.ieee.org/stamp/stamp.jsp?arnumber=10148982","Microgrid;decomposition method;renewable resources;electric vehicles","Microgrids;Renewable energy sources;Batteries;Electric vehicles;Optimization;Costs;Energy storage","","14","","35","CCBYNCND","12 Jun 2023","2023","","IEEE","IEEE Journals"
"Renewable Energy Management System: Optimum Design and Hourly Dispatch","B. Mohandes; M. Wahbah; M. S. E. Moursi; T. H. M. El-Fouly","EECS Department, Advanced Power and Energy Center, Khalifa University, Abu Dhabi, UAE; Department of Biomedical Engineering, Healthcare Engineering Innovation Center (HEIC), Khalifa University, Abu Dhabi, UAE; EECS Department, Advanced Power and Energy Center, Khalifa University, Abu Dhabi, UAE; EECS Department, Advanced Power and Energy Center, Khalifa University, Abu Dhabi, UAE",IEEE Transactions on Sustainable Energy,"21 Jun 2021","2021","12","3","1615","1628","This paper introduces a new framework for optimum design and operation of hybrid renewable energy plants (HREP) augmented with battery energy storage systems (BESS). A new renewable energy management system (REMS) is developed comprising three components: 1) Enhanced joint forecasting of wind and solar outputs based on deep neural networks and also multiplicative weights update (MWU); 2) an advanced optimization model for sizing the HREP-BESS components and the policy of BESS operation; and 3) Augmenting the rolling hourly dispatch for HREP-BESS with a novel dynamic ramping limit and a criterion for reduction of deviations from the hour-ahead dispatch schedule. The proposed REMS tool enables maintaining the inter-hourly ramping of the HREP-BESS output within a threshold. In this context, a novel dynamic ramp limit is proposed to minimize the energy curtailment during operation and maximize energy sales to the power grid. The advantage of the proposed REMS tool over the classical renewable energy systems operation scheme is the mitigation of the volatility of renewable energy sources (RES) by suppressing extreme ramping events with minimum curtailment. Moreover, the costs and revenues of the HREP-BESS design and operation are assessed over a 25 years period. The design problem is solved for different scenarios, and the optimal solution always encloses a hybrid mix of renewables where the share of the PV plant can reach up to 37.1% of the total plant size. With the proposed REMS, the curtailment of RES never exceeds 12.9% even when the HREP is operated without a reserve margin. For the selected design, the optimum BESS capacity is 12.9% of the HREP capacity. The number of hours which observe a ramping violation event is 2.4% of the season's length (2184 hours). 99% of all ramping events fall within the defined ramping limits. The use of the MWU method increases the total profit by 2.53% compared with adopting the average forecast.","1949-3037","","10.1109/TSTE.2021.3058252","CIRA Project-2018-37, Khalifa University, Abu Dhabi, UAE; ","https://ieeexplore.ieee.org/stamp/stamp.jsp?arnumber=9351770","Deep learning;multiplicative weights update;rolling horizon;hybrid renewable energy;dynamic ramping limit;proxy value of battery energy","Wind forecasting;Renewable energy sources;Deep learning;Load modeling;Optimization;Degradation;Uncertainty","","104","","62","CCBY","9 Feb 2021","July 2021","","IEEE","IEEE Journals"
"Research on Multi-Microgrids Scheduling Strategy Considering Dynamic Electricity Price Based on Blockchain","M. Tao; Z. Wang; S. Qu","School of Electrical Engineering, Shanghai Dianji University, Shanghai, China; School of Electrical Engineering, Shanghai Dianji University, Shanghai, China; School of Electrical Engineering, Shanghai Dianji University, Shanghai, China",IEEE Access,"8 Apr 2021","2021","9","","52825","52838","In order to improve the economy and safety of multi-microgrids (MMGs) scheduling, this paper proposes a research on MMGs scheduling strategy that takes into account dynamic electricity prices based on the blockchain. We first introduce the principle of blockchain, analyze the security and economy of the combination of blockchain and MMGs scheduling, and design the scheduling architecture and process based on the blockchain platform. Second, we set a dynamic electricity price model according to the total power supply and demand of MMGs, and set a load optimization model. Finally, we take optimal system economy and minimum environmental pollution as the objective function, then use the linear programming method and the improved krill herd algorithm (KHA) with nonlinear changes in weights to solve the problem. The simulation results show that: (1) The dynamic electricity prices can reflect the power supply and demand of microgrids and optimize the load; (2) Comparing the three scheduling schemes, the strategy in this paper can improve the economic and environmental protection of MMGs by 37.33% and 39.34%, while reduce the interactive power between the microgrid and the distribution network by 56.28%, and the curtailment rate by 63.22%; (3) The improved krill herd algorithm has higher convergence speed and convergence accuracy;(4) The blockchain technology can ensure the security of scheduling data.","2169-3536","","10.1109/ACCESS.2021.3070436","Shanghai Natural Science Foundation Project(grant numbers:15ZR1417300); ","https://ieeexplore.ieee.org/stamp/stamp.jsp?arnumber=9393370","Multi-microgrids scheduling;blockchain;dynamic electricity price;krill herd algorithm","Microgrids;Blockchain;Optimal scheduling;Dynamic scheduling;Load modeling;Heuristic algorithms;Distribution networks","","12","","25","CCBY","1 Apr 2021","2021","","IEEE","IEEE Journals"
"Multi-Criteria Decision-Making and Robust Optimization Methodology for Generator Sizing of a Microgrid","S. Pandey; J. Han; N. Gurung; H. Chen; E. A. Paaso; Z. Li; A. Khodaei","Commonwealth Edison, Oakbrook Terrace, IL, USA; Illinois Institute of Technology, Chicago, IL, USA; Commonwealth Edison, Oakbrook Terrace, IL, USA; Commonwealth Edison, Oakbrook Terrace, IL, USA; Commonwealth Edison, Oakbrook Terrace, IL, USA; Illinois Institute of Technology, Chicago, IL, USA; Department of Electrical and Computer Engineering, University of Denver, Denver, CO, USA",IEEE Access,"26 Oct 2021","2021","9","","142264","142275","Microgrids provide multiple benefits to end-use customers and electric utilities, including enhanced reliability and resilience, reduced operational costs, streamlined renewable generation integration, and improved energy efficiency. However, the microgrid technology’s large capital cost remains a major barrier to establishing its economic viability. This paper addresses this challenge by proposing a practical methodology for microgrid generation sizing. The proposed methodology uses the concept of robust optimization and a multi-criteria decision-making process, taking overall cost, emission reduction, and demand response into account as important factors in optimal generation sizing. The objective is to minimize the supply gap throughout the year, which is defined as the unmet load or required load curtailment under various load and solar generation scenarios. Numerical simulations on a real-world microgrid, ComEd’s Bronzeville Community Microgrid (BCM) on Chicago’s South Side, exhibit the practicality of the proposed method and its applications for electric utilities. The study proposes an optimal size of 4.8 MW considering the commercially available generator sizes for the BCM, which has a total peak load of 7 MW, 0.75 MW of PV and 0.5MW/2MWh of Battery energy storage installed.","2169-3536","","10.1109/ACCESS.2021.3121220","","https://ieeexplore.ieee.org/stamp/stamp.jsp?arnumber=9579436","Microgrid;distributed energy resource (DER);generator sizing;robust optimization;multi-criteria decision-making (MCDM)","Thermal loading;Microgrids;Generators;Renewable energy sources;Costs;Load modeling;Natural gas","","16","","31","CCBY","18 Oct 2021","2021","","IEEE","IEEE Journals"
"Collaborative Configuration Optimization of Soft Open Points and Distributed Multi-Energy Stations with Spatiotemporal Coordination and Complementarity","S. Wang; F. Luo; C. Wang; Y. Lyu; R. Mu; J. Fo; L. Ge","State Key Laboratory of Smart Power Distribution Equipment and System, Tianjin University, Tianjin, China; State Key Laboratory of Smart Power Distribution Equipment and System, Tianjin University, Tianjin, China; State Key Laboratory of Smart Power Distribution Equipment and System, Tianjin University, Tianjin, China; State Grid Hebei Electric Power Co., Ltd., Shijiazhuang, China; State Key Laboratory of Smart Power Distribution Equipment and System, Tianjin University, Tianjin, China; State Key Laboratory of Smart Power Distribution Equipment and System, Tianjin University, Tianjin, China; State Grid Tianjin Electric Power Company, Tianjin, China",Journal of Modern Power Systems and Clean Energy,"27 Nov 2025","2025","13","6","2086","2097","To address the limitations of traditional planning methods in handling complex scenarios such as multi-feeder or substation cluster supply under high photovoltaic (PV) penetration, this paper proposes a collaborative configuration optimization method of soft open points (SOPs) and distributed multi-energy stations with spatiotemporal coordination and comple-mentarity to reduce renewable energy curtailment. First, a shared strategy of multiple types of resources is proposed based on an SOP-enabled flexible distribution network. Second, a distributed hydrogen-based multi-energy coupling system (DHMECS) is developed. Then, a DHMECS siting model considering inter-feeder resource sharing is formulated. Finally, a configuration model of SOP and DHMECS is proposed, incorporating a partitioned autonomous operation strategy that considers spatiotemporal coordination and complementarity. The proposed method is validated on the improved Portugal 54-node and 219-node distribution networks, and the results demonstrate that it mitigates severe voltage violations and PV curtailment, enhances partitioned autonomous operation capabilities, and addresses the challenges of complex planning scenarios involving multi-feeder or substation cluster supply.","2196-5420","","10.35833/MPCE.2024.001279","Science and Technology Project of State Grid Corporation of China(grant numbers:SGTJDK00DWJS2400298); ","https://ieeexplore.ieee.org/stamp/stamp.jsp?arnumber=11080682","Spatiotemporal coordination and complementarity;multi-energy station;soft open point;configuration optimization;distribution network;photovoltaic (PV)","Distribution networks;Spatiotemporal phenomena;Resource management;Power conversion;Couplings;Load flow;Optimization;Hydrogen;Voltage control;Planning","","1","","42","","15 Jul 2025","November 2025","","SGEPRI","SGEPRI Journals"
"Data-Driven Multiperiod Optimal Power Flow for Power System Scheduling Considering Renewable Energy Integration","R. Zafar; I. -Y. Chung","School of Electrical Engineering, Kookmin University, Seongbuk-gu, Seoul, Republic of Korea; School of Electrical Engineering, Kookmin University, Seongbuk-gu, Seoul, Republic of Korea",IEEE Access,"16 Jul 2024","2024","12","","95278","95290","Integrating renewable energy sources (RESs) into electric power systems is environmentally beneficial; however, it also introduces operational challenges. The multiperiod optimal power flow (MP-OPF) problem becomes increasingly complex owing to the variability and uncertainty in RESs power output and load demand. To ensure system stability and reliability, other conventional generators must quickly adapt their output to counter fluctuations in RESs and mitigate network congestion. In this study, we propose a novel approach utilizing a long short-term memory recurrent neural network (LSTM-RNN) to address the MP-OPF problem. The LSTM-RNN’s capability to handle time-series data enables fast and accurate predictions. By formulating the MP-OPF as a sequence-to-sequence learning problem, we train the LSTM-RNN to map input data (load demand, renewable generation) to output data (generator output, RESs injection) to meet power network constraints while simultaneously achieving economic power dispatch to generators. Additionally, we perform the post-processing on the output of LSTM-RNN results to obtain a feasible power generation schedule at each time step and to analyze network congestion and RESs curtailment. Furthermore, the proposed approach is demonstrated on the IEEE-39 bus system with time-series data, achieving highly accurate OPF solutions. Computation time is approximately 160 times faster than conventional solver.","2169-3536","","10.1109/ACCESS.2024.3426052","Korea Institute of Energy Technology Evaluation and Planning (KETEP); Korean Government [Ministry of Trade, Industry and Energy (MOTIE)](grant numbers:2019371010006B); Information Technology Research Center (ITRC) Support Program Supervised by the Institute for Information and Communications Technology Planning and Evaluation (IITP)(grant numbers:RS-2023-00259004); ","https://ieeexplore.ieee.org/stamp/stamp.jsp?arnumber=10591976","Deep learning;generation scheduling;LSTM-RNN;optimal power flow;renewable energy integration","Generators;Power system stability;Load flow;Renewable energy sources;Power system reliability;Power generation;Neural networks;Deep learning;Scheduling;Renewable energy sources","","10","","38","CCBYNCND","10 Jul 2024","2024","","IEEE","IEEE Journals"
"A Deep-Learning-Based Optimal Energy Flow Method for Reliability Assessment of Integrated Energy Systems","Z. Dong; K. Hou; Z. Liu; X. Yu; H. Jia; Q. Xiao","Key Laboratory of Smart Grid of Ministry of Education, Tianjin University, Tianjin, China; Key Laboratory of Smart Grid of Ministry of Education, Tianjin University, Tianjin, China; Key Laboratory of Smart Grid of Ministry of Education, Tianjin University, Tianjin, China; Key Laboratory of Smart Grid of Ministry of Education, Tianjin University, Tianjin, China; Key Laboratory of Smart Grid of Ministry of Education, Tianjin University, Tianjin, China; Key Laboratory of Smart Grid of Ministry of Education, Tianjin University, Tianjin, China",IEEE Access,"5 Sep 2022","2022","10","","91092","91102","The energy interactions and uncertain factors of integrated energy systems (IES) have brought risks to the reliable energy supply. A large number of states need to be analyzed to obtain a stable reliability value. However, different operating characteristics complicate the optimal energy flow (OEF) model, which brings tremendous computational cost. To address that, a deep-learning-based approach is proposed as an alternative way to solve the OEF problems. This approach constructs the mapping between system state and energy allocation to directly obtain the optimal load curtailment. Thereafter, the deep-learning-based reliability assessment framework for IES is proposed to improve efficiency. Additionally, the Gaussian noise and data-processing strategies are involved to achieve higher accuracy. Compared to the model-based approach, the proposed method increases the reliability assessment efficiency by 6 orders of time. With an accuracy of over 95%, it outperforms other autoencoder and random forest methods. Method accuracy has remained above 90% in various scenarios.","2169-3536","","10.1109/ACCESS.2022.3202197","National Natural Science Foundation of China(grant numbers:52077150/U2066213); ","https://ieeexplore.ieee.org/stamp/stamp.jsp?arnumber=9868354","Integrated energy system;deep learning;optimal energy flow;stacked denoising auto-encoder (SDAE);reliability assessment","Reliability;Noise reduction;Decoding;Deep learning;Uncertainty;Load modeling;Encoding;Energy consumption","","9","","27","CCBY","26 Aug 2022","2022","","IEEE","IEEE Journals"
"Optimal Net Load Flattening in Unbalanced Distribution Systems via Rank-Penalized Semidefinite Programming","I. Alsaleh; H. Alafnan; A. Alassaf; A. Almunif","Department of Electrical Engineering, College of Engineering, University of Hail, Hail, Saudi Arabia; Department of Electrical Engineering, College of Engineering, University of Hail, Hail, Saudi Arabia; Department of Electrical Engineering, College of Engineering, University of Hail, Hail, Saudi Arabia; Department of Electrical Engineering, College of Engineering, Majmaah University, Al Majma’ah, Saudi Arabia",IEEE Access,"19 May 2023","2023","11","","46308","46319","A formidable challenge that hinders the widespread adoption of renewable energy sources is the potential mismatch between their intermittent supply and the fluctuating demand. This necessitates proper coordination to moderate temporal net load variations while reducing costly curtailment of renewable energy production. By capturing the physical and security constraints of unbalanced distribution systems, this paper formulates a problem to manage various fleets of commercial- and residential-scale distributed energy resources (DERs), i.e., photovoltaics (PVs), deferrable loads (DLs), electric vehicles (EVs), and thermostatically-controlled loads (TCLs). A multi-phase distribution system expanded on the relaxed power flow constraints is considered to account for network awareness. The proposed objective is to minimize hour-to-hour fluctuations of the net load variable, reduce solar energy curtailment, and prioritize preferred EV state of charge and indoor temperature. This objective, however, renders the convex relaxation inexact, wherein positive-semidefinite (PSD) matrices are higher than rank-1. To overcome this issue and therefore enhance the reliability of the solution, we propose to tighten the relaxation constraints via appending the trace of the power flow PSD matrices to the objective function. Multiple case studies on the IEEE 13-bus feeder demonstrate the effectiveness of the proposed problem to optimize the load profile and yield exact solutions.","2169-3536","","10.1109/ACCESS.2023.3274738","Scientific Research Deanship, University of Hail, Saudi Arabia(grant numbers:BA-2110); ","https://ieeexplore.ieee.org/stamp/stamp.jsp?arnumber=10122503","Multi-objective optimization;net load flattening;unbalanced distribution systems;penalized semidefinite programming","Renewable energy sources;Load modeling;Load flow;Linear programming;Fluctuations;Optimization;Mathematical models","","5","","41","CCBYNCND","10 May 2023","2023","","IEEE","IEEE Journals"
